Record_ID,Customer_ID,Employee_ID,Order_ID,Transaction_Date,Region,City,Department,Category,Product,Sales,Profit,Quantity,Unit_Price,Discount_Percent,Cost,Salary,Experience_Years,Age,Rating,Gender,Status,Payment_Method,Customer_Type,Priority,Channel,Education,Contract_Type,Feedback,Country,Zone,Manager,Supplier,Brand,Segment,Risk_Level,Delivery_Status,Membership,Source,Metric_01,Metric_02,Metric_03,Metric_04,Metric_05,Metric_06,Metric_07,Metric_08,Metric_09,Metric_10,Metric_11,Metric_12,Metric_13,Metric_14,Metric_15,Metric_16,Metric_17,Metric_18,Metric_19,Metric_20
475,CUST1475,EMP175,ORD5475,2025-01-01,North,Jaipur,HR,Clothing,Shoes,60527.53,12464.31,64,38423.47,23.16,23054.15,38911.96,9.0,35,4.5,Female,Pending,Cash,Premium,Low,Mobile App,Master,Permanent,Excellent,India,Zone B,Manager_15,Supplier_10,Brand E,Consumer,Medium,Delivered,Basic,Social Media,451.34,310.85,185.17,13.44,645.08,75.34,251.74,349.26,672.27,560.19,475.98,526.41,13.16,734.31,507.66,747.67,574.91,196.31,4.37,700.28
153,CUST1153,EMP173,ORD5153,2025-01-02,Central,Bhopal,Finance,Electronics,Shoes,84251.47,1016.81,94,49585.63,26.12,26411.41,64857.51,10.3,46,4.6,Male,Pending,Net Banking,Regular,High,Mobile App,Bachelor,Permanent,Good,India,Zone D,Manager_13,Supplier_3,Brand C,Small Business,Low,Cancelled,Gold,Referral,428.34,779.1,601.38,429.05,880.29,149.09,691.91,233.25,688.51,908.45,561.81,602.05,751.19,881.21,188.28,891.97,426.84,574.95,580.19,617.44
55,CUST1055,EMP155,ORD5055,2025-01-02,North,Indore,HR,Furniture,Watch,53394.15,18192.67,66,26051.7,39.78,63836.12,36354.54,0.5,41,3.4,Female,Completed,Net Banking,Regular,Medium,Online,PhD,Part-time,Average,India,Zone A,Manager_15,Supplier_10,Brand A,Small Business,Low,Delayed,Silver,Advertisement,100.03,136.7,730.57,843.44,930.71,905.96,332.23,629.88,487.57,169.29,236.96,19.13,401.23,108.65,211.89,399.24,273.2,891.29,482.88,366.56
192,CUST1192,EMP132,ORD5192,2025-01-02,West,Bhopal,Sales,Furniture,Watch,82768.09,18421.96,4,41142.48,34.91,56583.94,159590.21,11.5,59,2.0,Male,Completed,Debit Card,Regular,Medium,Mobile App,Bachelor,Part-time,Good,India,Zone D,Manager_12,Supplier_12,Brand A,Small Business,Medium,In Transit,Platinum,Website,301.78,820.68,712.58,18.43,782.98,767.94,866.19,264.59,778.54,215.13,76.81,18.73,379.63,325.15,459.61,998.25,626.37,392.94,66.05,49.05
306,CUST1306,EMP166,ORD5306,2025-01-05,East,Jaipur,Operations,Beauty,Headphones,84286.41,-2949.98,84,45371.72,34.19,46077.8,23247.04,11.6,52,3.1,Female,Returned,Debit Card,Regular,Critical,Store,Diploma,Part-time,Good,India,Zone D,Manager_6,Supplier_6,Brand E,Small Business,High,In Transit,Gold,Advertisement,101.57,711.88,839.63,314.31,249.89,190.0,240.45,361.69,980.59,297.66,614.01,242.91,99.29,251.31,626.04,916.25,784.87,804.62,905.58,449.73
101,CUST1101,EMP121,ORD5101,2025-01-05,Central,Pune,Operations,Furniture,Laptop,63968.77,-4174.42,61,37711.33,5.52,49423.91,73382.25,13.5,28,3.7,Other,Completed,UPI,Premium,Low,Mobile App,Bachelor,Part-time,Good,India,Zone D,Manager_1,Supplier_11,Brand E,Consumer,Medium,In Transit,Silver,Referral,847.61,516.34,181.05,730.54,772.53,231.15,468.55,724.46,989.92,490.41,115.85,545.21,745.74,906.53,77.42,589.75,319.78,652.11,71.93,372.26
198,CUST1198,EMP138,ORD5198,2025-01-09,North,Delhi,Operations,Clothing,Chair,83153.51,405.87,84,6940.76,18.3,27965.11,83074.9,12.5,41,1.4,Male,Cancelled,Net Banking,Premium,Critical,Online,Bachelor,Part-time,Good,India,Zone A,Manager_18,Supplier_3,Brand A,Corporate,Low,Delivered,Platinum,Social Media,111.05,270.0,223.01,557.35,829.45,390.83,765.43,563.58,397.96,346.19,745.95,45.33,506.07,922.93,500.71,52.98,932.96,364.19,912.69,700.19
433,CUST1433,EMP133,ORD5433,2025-01-09,North,Delhi,IT,Beauty,Headphones,94910.17,17275.92,15,10508.56,27.76,13502.36,90029.68,10.7,34,3.8,Female,Completed,Cash,Premium,High,Online,Bachelor,Permanent,Average,India,Zone D,Manager_13,Supplier_13,Brand A,Consumer,Medium,Delayed,Platinum,Referral,812.03,278.49,436.29,131.01,44.91,786.61,833.81,589.2,522.29,678.63,659.11,252.62,854.43,869.62,650.16,44.16,568.57,940.53,639.84,854.42
372,CUST1372,EMP152,ORD5372,2025-01-12,West,Delhi,Sales,Electronics,Shirt,67676.44,12912.87,75,22168.39,27.49,21922.21,85617.44,0.8,24,4.7,Other,Cancelled,Credit Card,Premium,Low,Online,Master,Permanent,Good,India,Zone C,Manager_12,Supplier_12,Brand E,Small Business,High,Cancelled,Gold,Direct,291.82,542.7,557.52,262.32,449.46,444.61,536.43,645.93,180.81,494.31,324.15,235.98,856.7,886.26,713.25,552.71,219.14,688.89,295.66,729.42
42,CUST1042,EMP142,ORD5042,2025-01-14,East,Kolkata,Marketing,Grocery,Watch,5424.94,282.86,66,27982.42,6.64,1887.33,158706.24,9.9,43,4.3,Female,Pending,Cash,Regular,High,Mobile App,Master,Part-time,Poor,India,Zone D,Manager_2,Supplier_12,Brand D,Consumer,Medium,Cancelled,Basic,Website,832.23,300.53,420.76,420.68,963.2,372.37,591.34,194.16,151.18,74.8,978.22,318.5,884.91,871.13,259.0,564.73,128.02,625.02,520.06,682.18
76,CUST1076,EMP176,ORD5076,2025-01-15,Central,Delhi,Finance,Beauty,Headphones,71898.43,7082.93,93,38648.56,18.43,69060.76,147930.2,5.7,53,2.9,Male,Completed,UPI,Regular,High,Mobile App,Master,Contract,Poor,India,Zone D,Manager_16,Supplier_1,Brand A,Consumer,Medium,Delivered,Silver,Referral,774.72,226.27,464.14,237.31,119.3,209.74,667.76,343.27,744.19,986.88,889.96,850.51,708.6,773.96,429.94,511.21,236.64,785.0,669.2,740.86
107,CUST1107,EMP127,ORD5107,2025-01-15,South,Delhi,Operations,Clothing,Rice,69640.8,15386.5,73,9538.04,2.63,21510.44,79905.53,0.7,26,2.2,Female,Pending,Net Banking,New,Critical,Mobile App,PhD,Permanent,Average,India,Zone B,Manager_7,Supplier_2,Brand B,Small Business,Medium,Delivered,Basic,Referral,70.81,604.07,977.18,269.83,149.26,433.73,688.4,609.12,968.3,111.55,734.0,478.44,62.05,342.9,121.42,665.53,241.71,496.78,943.8,863.01
357,CUST1357,EMP137,ORD5357,2025-01-16,Central,Kolkata,IT,Clothing,Rice,46963.32,15120.27,38,39031.44,4.59,22051.66,102644.48,5.8,43,2.5,Male,Cancelled,Net Banking,New,Critical,Online,Bachelor,Permanent,Excellent,India,Zone A,Manager_17,Supplier_12,Brand E,Small Business,Medium,Cancelled,Gold,Advertisement,119.25,359.16,862.27,190.72,304.44,65.26,79.92,250.5,337.47,564.34,424.24,816.13,642.73,843.64,767.74,365.34,328.08,136.78,537.49,494.43
247,CUST1247,EMP107,ORD5247,2025-01-17,West,Kolkata,Finance,Grocery,Chair,60410.64,10045.46,16,6980.47,13.03,58565.82,26182.2,2.9,58,2.1,Other,Returned,Debit Card,Premium,Critical,Store,Bachelor,Part-time,Excellent,India,Zone B,Manager_7,Supplier_7,Brand E,Consumer,High,In Transit,Platinum,Social Media,153.97,793.77,140.27,70.53,15.41,984.25,333.46,376.37,197.85,24.77,294.43,914.23,779.84,961.12,233.26,470.69,300.69,168.11,33.64,751.56
270,CUST1270,EMP130,ORD5270,2025-01-18,West,Delhi,Marketing,Clothing,Rice,82069.88,-2836.67,3,33992.04,18.37,13098.71,74245.13,14.3,54,1.6,Female,Cancelled,Net Banking,Premium,High,Store,Diploma,Part-time,Good,India,Zone A,Manager_10,Supplier_15,Brand D,Corporate,Medium,Delayed,Gold,Direct,549.99,397.45,111.6,843.67,875.19,716.71,774.72,3.65,449.66,83.96,461.53,705.65,37.98,618.05,903.32,616.46,912.03,478.17,63.84,660.83
403,CUST1403,EMP103,ORD5403,2025-01-19,North,Jaipur,Marketing,Beauty,Laptop,41871.85,18519.62,37,412.25,5.1,21046.84,47624.05,4.3,50,2.6,Other,Returned,Net Banking,New,Medium,Store,Bachelor,Contract,Average,India,Zone A,Manager_3,Supplier_13,Brand A,Consumer,High,Delayed,Silver,Referral,215.54,101.15,103.3,254.25,719.27,443.29,838.18,679.68,502.29,12.19,725.31,123.09,796.6,85.47,972.93,316.5,3.6,689.69,754.43,568.8
287,CUST1287,EMP147,ORD5287,2025-01-20,North,Jaipur,IT,Grocery,Watch,81013.73,-1906.36,20,34697.42,6.59,44036.79,160983.7,6.9,25,2.7,Female,Completed,Credit Card,New,Critical,Mobile App,Diploma,Part-time,Good,India,Zone D,Manager_7,Supplier_2,Brand C,Small Business,Medium,Delayed,Basic,Advertisement,679.51,136.97,185.9,129.14,565.02,644.0,542.95,496.03,764.65,79.8,790.51,874.73,449.13,743.32,170.21,600.56,953.07,626.72,86.8,860.84
6,CUST1006,EMP106,ORD5006,2025-01-21,West,Indore,HR,Electronics,Phone,46711.11,15702.9,13,38281.5,30.63,2916.2,126986.47,17.6,44,1.4,Female,Pending,Debit Card,Regular,Low,Mobile App,Diploma,Permanent,Poor,India,Zone C,Manager_6,Supplier_6,Brand E,Consumer,Medium,In Transit,Platinum,Advertisement,244.69,780.97,55.97,878.99,925.33,969.24,736.05,482.82,822.18,728.57,957.66,535.03,269.26,708.86,494.93,184.76,871.45,891.1,558.11,122.2
37,CUST1037,EMP137,ORD5037,2025-01-21,Central,Mumbai,HR,Grocery,Watch,45023.08,23590.6,71,24589.17,25.34,22728.78,117989.57,0.2,18,2.6,Female,Completed,Cash,New,Medium,Store,Bachelor,Part-time,Poor,India,Zone A,Manager_17,Supplier_7,Brand A,Consumer,High,Delayed,Gold,Referral,721.85,308.39,85.37,188.39,898.69,956.5,300.63,358.91,771.99,408.6,349.02,423.17,263.57,449.96,500.54,266.09,463.5,921.9,288.92,376.71
26,CUST1026,EMP126,ORD5026,2025-01-22,North,Jaipur,Marketing,Beauty,Skincare,89202.26,21930.24,25,25693.56,16.45,10391.17,134490.25,18.3,37,2.8,Other,Completed,Credit Card,Premium,Low,Online,Diploma,Permanent,Excellent,India,Zone B,Manager_6,Supplier_11,Brand D,Small Business,Low,Cancelled,Basic,Direct,93.43,181.5,169.88,855.42,429.34,655.23,366.87,700.66,252.22,682.7,875.58,438.85,964.46,452.75,33.82,710.1,358.58,165.83,75.32,310.76
231,CUST1231,EMP171,ORD5231,2025-01-22,Central,Indore,Marketing,Furniture,Watch,51533.79,11028.72,48,39495.67,14.86,50283.5,92043.66,1.2,48,3.1,Other,Completed,Net Banking,Premium,Low,Online,Master,Permanent,Good,India,Zone A,Manager_11,Supplier_6,Brand A,Corporate,Low,In Transit,Platinum,Social Media,175.17,991.93,91.64,557.47,469.24,617.86,418.26,288.46,964.58,493.29,636.3,104.8,304.7,381.44,559.0,483.47,688.04,119.09,574.83,497.13
349,CUST1349,EMP129,ORD5349,2025-01-23,North,Kolkata,Marketing,Furniture,Watch,40543.44,19215.68,33,10623.22,26.12,14168.34,139062.2,17.1,28,2.0,Female,Cancelled,Debit Card,New,Critical,Mobile App,PhD,Part-time,Good,India,Zone B,Manager_9,Supplier_4,Brand C,Corporate,High,In Transit,Silver,Website,411.04,620.56,325.47,481.68,828.32,884.19,832.26,292.6,786.8,922.12,389.06,813.42,301.6,241.87,996.99,975.11,865.76,86.98,372.73,392.03
418,CUST1418,EMP118,ORD5418,2025-01-25,West,Mumbai,Marketing,Grocery,Shoes,68378.29,22720.81,94,4586.82,33.1,60001.81,26517.05,14.0,54,1.9,Other,Cancelled,Credit Card,Regular,High,Store,Master,Part-time,Poor,India,Zone D,Manager_18,Supplier_13,Brand B,Corporate,Medium,In Transit,Platinum,Advertisement,612.98,352.48,182.69,398.66,138.08,452.01,57.64,730.76,186.94,591.41,733.03,234.0,779.1,890.01,88.09,826.64,218.47,881.09,404.3,321.77
237,CUST1237,EMP177,ORD5237,2025-01-27,East,Delhi,Operations,Beauty,Headphones,52483.19,23845.4,31,1685.75,8.03,60539.2,146302.87,5.2,20,1.1,Female,Returned,Cash,Regular,Critical,Online,Diploma,Part-time,Average,India,Zone B,Manager_17,Supplier_12,Brand D,Corporate,High,Cancelled,Basic,Advertisement,251.66,917.05,761.97,681.8,156.63,546.28,113.65,143.3,887.41,325.67,147.3,994.85,660.12,691.63,922.87,146.17,883.99,695.63,271.09,721.07
121,CUST1121,EMP141,ORD5121,2025-01-28,Central,Bengaluru,Marketing,Clothing,Laptop,8222.66,19694.82,71,15970.67,22.91,15584.06,87440.37,15.1,36,1.5,Other,Completed,Net Banking,Regular,Critical,Mobile App,PhD,Permanent,Excellent,India,Zone D,Manager_1,Supplier_1,Brand D,Small Business,Low,In Transit,Basic,Website,543.89,313.41,98.87,302.76,244.81,487.96,918.85,93.24,417.82,160.96,848.14,906.27,253.08,331.0,333.83,874.58,385.66,205.95,14.8,918.76
92,CUST1092,EMP112,ORD5092,2025-01-28,South,Kolkata,Marketing,Electronics,Table,64786.57,13661.19,91,23469.68,35.95,40490.18,130718.78,10.3,39,1.2,Male,Returned,Debit Card,New,Low,Store,Diploma,Permanent,Excellent,India,Zone B,Manager_12,Supplier_2,Brand D,Small Business,Medium,In Transit,Silver,Direct,528.69,375.76,10.09,121.02,790.42,32.84,185.58,662.8,974.53,239.03,893.89,609.56,876.31,627.61,760.05,357.6,482.09,426.32,191.59,832.09
445,CUST1445,EMP145,ORD5445,2025-01-29,East,Delhi,Operations,Beauty,Watch,27091.64,22106.75,93,40162.28,1.24,8425.55,44495.71,18.7,33,3.0,Female,Pending,Debit Card,Premium,High,Online,Bachelor,Part-time,Excellent,India,Zone A,Manager_5,Supplier_10,Brand D,Consumer,Medium,Delayed,Gold,Website,773.64,624.52,997.38,875.89,328.83,683.45,927.01,458.47,583.53,34.36,227.81,700.48,503.9,976.1,896.88,842.53,826.5,466.12,406.56,724.52
227,CUST1227,EMP167,ORD5227,2025-02-02,South,Delhi,IT,Clothing,Phone,46944.82,-2074.57,75,30885.51,6.88,22092.56,21150.58,15.4,55,1.2,Male,Pending,Credit Card,Premium,Low,Mobile App,Diploma,Permanent,Average,India,Zone B,Manager_7,Supplier_2,Brand A,Small Business,High,In Transit,Silver,Social Media,852.24,746.42,66.49,688.28,567.83,638.72,819.32,752.52,112.4,822.66,721.0,822.65,895.91,832.87,883.21,227.22,321.68,93.21,20.52,239.87
95,CUST1095,EMP115,ORD5095,2025-02-02,West,Bhopal,Marketing,Clothing,Headphones,60069.89,12215.24,62,31353.49,15.36,55535.11,90944.84,12.0,43,4.9,Other,Completed,Credit Card,New,Medium,Mobile App,Master,Contract,Excellent,India,Zone D,Manager_15,Supplier_5,Brand D,Corporate,Medium,Delayed,Platinum,Website,869.81,956.55,965.63,796.35,596.41,361.59,565.4,379.14,61.14,350.75,381.14,694.23,930.74,539.5,682.29,889.34,116.55,185.22,74.76,691.48
51,CUST1051,EMP151,ORD5051,2025-02-04,South,Kolkata,Finance,Furniture,Laptop,28143.3,23586.9,57,16948.7,34.06,64841.74,60963.78,13.4,34,2.6,Female,Completed,Credit Card,Premium,High,Online,Bachelor,Permanent,Excellent,India,Zone A,Manager_11,Supplier_6,Brand B,Corporate,Medium,Cancelled,Gold,Website,196.22,777.79,199.46,752.87,34.98,40.12,103.78,293.8,265.31,697.36,661.82,67.42,358.97,135.38,191.34,610.93,902.98,63.45,507.47,575.09
376,CUST1376,EMP156,ORD5376,2025-02-04,Central,Pune,Finance,Grocery,Skincare,93052.01,21548.93,22,17093.19,25.23,69005.2,37281.45,2.1,50,4.7,Male,Pending,Debit Card,New,Low,Online,Bachelor,Part-time,Poor,India,Zone C,Manager_16,Supplier_1,Brand C,Consumer,High,Cancelled,Silver,Social Media,81.39,454.91,291.51,741.61,777.81,87.33,716.33,341.55,35.77,878.22,718.7,242.4,828.65,989.1,874.05,893.34,420.51,218.78,95.26,707.05
286,CUST1286,EMP146,ORD5286,2025-02-05,North,Mumbai,IT,Furniture,Phone,82281.7,24313.13,25,2297.61,34.65,53781.1,56347.88,13.3,51,1.0,Female,Cancelled,Net Banking,Premium,Critical,Online,PhD,Contract,Good,India,Zone A,Manager_6,Supplier_1,Brand B,Corporate,Medium,Delivered,Silver,Referral,292.84,935.91,345.2,226.46,724.0,203.65,202.22,621.88,631.74,667.0,97.94,641.75,670.69,259.37,541.88,255.2,797.1,980.82,722.65,346.5
116,CUST1116,EMP136,ORD5116,2025-02-05,West,Jaipur,IT,Clothing,Shoes,81763.96,7903.09,83,27867.16,27.79,9346.93,48282.89,0.3,56,3.4,Male,Returned,Debit Card,New,Medium,Store,Master,Contract,Poor,India,Zone C,Manager_16,Supplier_11,Brand C,Consumer,Medium,Delivered,Basic,Direct,447.89,616.1,186.01,547.74,64.37,826.36,487.5,527.44,253.47,108.48,661.4,883.92,843.04,519.0,129.59,925.15,218.83,936.72,257.83,47.9
196,CUST1196,EMP136,ORD5196,2025-02-06,East,Delhi,HR,Clothing,Laptop,67900.04,8464.41,88,34139.44,24.56,54796.76,151277.87,19.1,35,3.4,Male,Returned,Credit Card,Regular,Low,Online,PhD,Contract,Good,India,Zone D,Manager_16,Supplier_1,Brand B,Corporate,High,Delayed,Silver,Social Media,426.55,866.23,969.53,228.42,816.98,513.97,583.01,680.98,46.45,201.18,730.53,421.68,417.76,930.87,981.55,689.41,652.07,829.69,161.83,312.92
256,CUST1256,EMP116,ORD5256,2025-02-06,West,Mumbai,Marketing,Furniture,Phone,24418.05,607.43,48,27909.8,5.97,52842.13,113195.57,19.7,44,1.0,Male,Cancelled,Debit Card,New,High,Mobile App,Diploma,Contract,Good,India,Zone A,Manager_16,Supplier_1,Brand B,Consumer,High,In Transit,Basic,Direct,553.4,321.26,561.63,896.02,170.43,648.72,581.94,618.92,439.62,718.36,832.48,514.45,202.77,975.19,68.77,170.5,456.3,623.81,866.11,212.97
394,CUST1394,EMP174,ORD5394,2025-02-06,Central,Indore,Sales,Beauty,Phone,86649.11,-3949.76,48,42911.96,22.74,41790.73,67131.84,2.8,30,3.3,Male,Cancelled,UPI,Premium,High,Mobile App,Diploma,Permanent,Poor,India,Zone D,Manager_14,Supplier_4,Brand A,Corporate,Medium,In Transit,Basic,Direct,505.12,237.08,541.03,395.94,145.87,290.3,603.6,141.05,293.53,439.07,169.4,208.3,504.07,985.82,312.99,626.9,368.75,907.87,120.25,2.73
232,CUST1232,EMP172,ORD5232,2025-02-07,North,Indore,HR,Clothing,Table,9820.41,11222.04,27,37433.23,24.58,19924.19,65021.33,14.7,59,4.5,Male,Pending,UPI,Regular,Low,Online,PhD,Contract,Good,India,Zone A,Manager_12,Supplier_7,Brand D,Corporate,Low,In Transit,Silver,Website,473.78,345.4,112.27,643.94,511.32,786.99,698.93,249.02,478.7,498.35,849.27,958.3,52.97,831.38,125.94,689.48,651.99,193.17,603.51,219.09
423,CUST1423,EMP123,ORD5423,2025-02-08,East,Mumbai,IT,Beauty,Phone,66853.23,17403.3,50,14059.32,13.22,29338.55,82279.87,19.1,52,1.6,Female,Returned,Net Banking,New,Critical,Online,PhD,Permanent,Poor,India,Zone D,Manager_3,Supplier_3,Brand B,Corporate,High,Cancelled,Basic,Website,105.58,656.62,743.87,624.56,961.58,434.6,834.74,565.53,970.29,131.19,989.59,233.87,959.98,906.14,971.03,160.48,348.79,405.6,658.95,974.99
280,CUST1280,EMP140,ORD5280,2025-02-08,South,Pune,IT,Electronics,Shoes,4894.11,24710.85,19,46412.28,8.73,35307.83,104530.63,3.5,19,4.1,Female,Returned,Credit Card,Regular,Low,Mobile App,PhD,Contract,Average,India,Zone A,Manager_20,Supplier_10,Brand A,Small Business,Low,Delayed,Basic,Direct,941.26,514.95,72.68,763.02,489.33,807.18,283.92,530.46,931.92,782.06,352.48,906.02,225.4,684.72,541.3,42.74,642.06,845.11,473.17,284.61
466,CUST1466,EMP166,ORD5466,2025-02-08,Central,Kolkata,Operations,Grocery,Laptop,54922.84,18682.97,22,22281.96,17.44,12303.83,53693.04,1.9,56,1.2,Male,Pending,UPI,New,Medium,Online,Diploma,Contract,Excellent,India,Zone B,Manager_6,Supplier_1,Brand B,Small Business,Low,In Transit,Silver,Social Media,527.3,546.51,634.45,672.23,304.58,686.23,829.96,73.32,529.26,227.3,965.69,491.15,662.37,297.53,286.64,493.44,308.36,939.83,646.26,962.38
91,CUST1091,EMP111,ORD5091,2025-02-10,East,Pune,Marketing,Clothing,Skincare,41561.19,3266.44,96,33534.62,32.94,28185.34,51864.0,1.5,21,3.0,Other,Pending,Net Banking,New,High,Store,Diploma,Part-time,Average,India,Zone A,Manager_11,Supplier_1,Brand D,Corporate,Low,Delivered,Gold,Social Media,773.68,654.91,368.68,55.98,486.94,524.11,83.3,938.6,29.29,427.18,449.34,76.74,716.72,405.47,79.49,385.4,663.28,485.98,73.51,2.5
74,CUST1074,EMP174,ORD5074,2025-02-10,East,Indore,HR,Grocery,Rice,86356.61,2614.63,64,29538.4,32.54,54846.76,23704.86,20.0,48,3.9,Female,Pending,Debit Card,Regular,Critical,Store,Diploma,Contract,Excellent,India,Zone A,Manager_14,Supplier_14,Brand D,Consumer,Low,Delivered,Silver,Social Media,275.69,393.44,944.88,531.2,9.59,39.93,793.34,853.55,980.0,966.28,296.66,454.08,453.74,184.9,860.35,971.85,425.82,338.84,825.21,618.0
425,CUST1425,EMP125,ORD5425,2025-02-11,North,Indore,HR,Grocery,Laptop,78310.53,19794.64,58,33173.53,16.5,65577.05,110226.27,14.3,24,2.7,Other,Cancelled,Credit Card,Regular,Low,Store,Bachelor,Contract,Good,India,Zone D,Manager_5,Supplier_5,Brand D,Corporate,Medium,In Transit,Platinum,Website,500.49,400.6,310.02,831.53,987.6,760.21,268.38,495.47,349.93,672.25,263.48,429.26,208.09,397.52,638.71,387.82,33.73,344.01,22.32,406.27
369,CUST1369,EMP149,ORD5369,2025-02-12,East,Mumbai,Operations,Beauty,Headphones,42527.26,5645.82,36,38836.89,25.9,38793.74,82057.76,16.0,40,3.0,Female,Cancelled,UPI,Regular,Critical,Store,Master,Contract,Good,India,Zone B,Manager_9,Supplier_9,Brand C,Small Business,Medium,Delayed,Basic,Website,989.87,897.28,64.67,13.68,636.54,956.23,848.03,682.64,791.53,435.4,360.4,567.34,264.11,192.48,965.49,621.12,904.92,57.59,711.72,918.23
252,CUST1252,EMP112,ORD5252,2025-02-15,East,Bhopal,Sales,Grocery,Rice,6417.42,24457.17,21,44804.62,16.91,42454.24,70541.28,6.1,36,3.4,Female,Completed,Net Banking,Premium,High,Store,Diploma,Permanent,Good,India,Zone A,Manager_12,Supplier_12,Brand A,Small Business,High,Cancelled,Gold,Referral,343.82,445.85,318.8,471.24,496.36,137.1,298.59,694.89,421.23,229.42,898.27,650.18,682.18,122.74,802.12,601.1,366.81,966.65,622.45,58.9
310,CUST1310,EMP170,ORD5310,2025-02-16,East,Bhopal,Operations,Clothing,Rice,71155.95,-2237.14,75,35534.73,7.77,36873.17,72753.01,10.8,42,1.7,Male,Cancelled,UPI,New,Critical,Online,Master,Permanent,Average,India,Zone D,Manager_10,Supplier_10,Brand E,Consumer,High,Delayed,Gold,Website,195.84,903.75,783.92,221.66,441.51,354.57,992.72,767.51,324.89,620.64,923.23,186.69,831.72,981.78,753.09,493.58,621.82,957.64,851.1,175.23
338,CUST1338,EMP118,ORD5338,2025-02-16,Central,Kolkata,HR,Furniture,Table,29352.03,1614.51,76,27418.83,29.15,39971.62,153666.83,9.2,22,2.1,Female,Completed,Debit Card,Premium,High,Mobile App,Diploma,Part-time,Poor,India,Zone A,Manager_18,Supplier_8,Brand B,Consumer,Low,Cancelled,Basic,Referral,667.86,28.28,728.83,78.78,97.25,244.14,33.19,456.82,338.74,808.12,180.64,738.56,172.19,50.61,800.89,963.55,833.7,895.36,788.92,48.33
497,CUST1497,EMP117,ORD5497,2025-02-16,Central,Kolkata,Operations,Beauty,Shirt,16806.16,23353.43,48,25630.77,2.28,58565.45,123983.71,18.2,56,1.0,Other,Cancelled,Net Banking,Regular,Critical,Mobile App,Diploma,Permanent,Average,India,Zone D,Manager_17,Supplier_2,Brand B,Small Business,Low,Delivered,Silver,Direct,979.24,890.11,840.36,230.82,437.8,69.32,310.0,246.27,900.28,37.95,471.59,462.94,618.03,249.77,342.14,784.77,417.04,112.11,346.84,796.66
96,CUST1096,EMP116,ORD5096,2025-02-17,Central,Bhopal,IT,Beauty,Headphones,50464.28,7468.12,49,13995.69,26.65,68688.79,58909.92,6.4,28,3.2,Other,Returned,UPI,Premium,Critical,Mobile App,PhD,Permanent,Good,India,Zone D,Manager_16,Supplier_6,Brand A,Small Business,High,Delayed,Platinum,Direct,448.96,201.45,160.94,332.65,500.7,932.45,503.97,478.7,522.05,214.9,932.81,172.75,578.51,88.23,135.36,969.46,709.57,206.14,43.08,666.18
245,CUST1245,EMP105,ORD5245,2025-02-18,West,Mumbai,IT,Electronics,Phone,45869.94,4496.49,95,49472.65,12.92,14938.77,27272.34,1.1,26,4.2,Female,Cancelled,Credit Card,Premium,Medium,Store,Bachelor,Contract,Good,India,Zone D,Manager_5,Supplier_5,Brand D,Consumer,Medium,Cancelled,Platinum,Advertisement,77.65,7.84,124.5,394.13,606.83,684.54,600.47,983.16,67.19,5.93,615.08,918.93,13.12,759.16,197.6,863.03,613.6,486.83,700.13,9.92
295,CUST1295,EMP155,ORD5295,2025-02-20,South,Bhopal,Operations,Clothing,Chair,2937.6,-2778.73,28,44973.09,11.33,57440.65,34808.53,15.0,18,4.1,Male,Returned,UPI,Regular,Medium,Store,Master,Permanent,Good,India,Zone D,Manager_15,Supplier_10,Brand C,Corporate,Low,Cancelled,Silver,Website,581.34,797.26,840.34,246.92,864.68,471.65,763.6,44.3,289.45,973.61,468.1,15.5,721.47,816.68,985.48,464.27,670.99,448.52,721.77,307.25
305,CUST1305,EMP165,ORD5305,2025-02-22,Central,Jaipur,IT,Clothing,Skincare,11736.7,22765.67,42,1554.84,15.4,67745.22,56822.62,1.4,40,1.5,Other,Completed,Net Banking,Premium,Medium,Online,Diploma,Permanent,Good,India,Zone A,Manager_5,Supplier_5,Brand D,Small Business,Low,In Transit,Platinum,Direct,682.48,743.77,665.08,787.06,156.51,894.52,97.61,757.81,716.66,232.47,862.05,326.68,52.16,16.44,357.9,824.48,439.44,404.92,984.18,493.21
159,CUST1159,EMP179,ORD5159,2025-02-22,North,Kolkata,IT,Grocery,Phone,23234.43,733.56,79,8327.75,2.99,35957.26,111509.0,16.8,31,2.9,Male,Completed,Cash,Premium,Medium,Online,Diploma,Contract,Excellent,India,Zone C,Manager_19,Supplier_9,Brand E,Consumer,High,Delivered,Silver,Referral,415.08,811.41,862.38,29.78,179.85,941.41,225.5,570.55,571.9,182.77,554.36,989.93,938.47,329.69,445.82,977.96,153.0,161.64,253.03,19.21
69,CUST1069,EMP169,ORD5069,2025-02-22,Central,Pune,IT,Grocery,Chair,67623.48,-3618.3,66,47430.3,27.39,47817.42,130576.78,7.9,36,4.4,Female,Returned,Net Banking,Premium,Low,Store,Master,Contract,Average,India,Zone A,Manager_9,Supplier_9,Brand A,Consumer,High,Delivered,Basic,Direct,3.75,853.11,511.49,8.1,842.72,561.8,344.1,211.58,870.14,789.91,354.92,892.23,148.7,990.7,822.42,123.69,467.54,87.86,805.53,197.95
205,CUST1205,EMP145,ORD5205,2025-02-23,West,Bengaluru,Sales,Furniture,Skincare,21127.25,-4074.26,63,10973.64,7.22,8619.38,133891.72,6.3,22,1.8,Other,Pending,Debit Card,Premium,High,Online,Diploma,Part-time,Poor,India,Zone D,Manager_5,Supplier_10,Brand E,Consumer,High,Delivered,Gold,Website,802.06,135.38,542.45,424.68,63.32,381.15,894.39,702.64,340.94,323.94,290.7,563.89,915.14,912.99,180.05,288.83,462.08,978.34,802.34,46.46
302,CUST1302,EMP162,ORD5302,2025-02-23,East,Jaipur,Finance,Furniture,Rice,10543.65,-681.74,12,10926.12,29.69,38680.35,20213.19,3.6,59,4.0,Female,Returned,Credit Card,Regular,Critical,Store,PhD,Contract,Average,India,Zone A,Manager_2,Supplier_2,Brand A,Consumer,Low,In Transit,Basic,Website,635.02,122.09,32.22,189.33,388.8,533.6,526.52,0.31,326.02,955.66,694.62,289.05,688.6,77.48,507.32,401.79,833.15,96.72,610.54,782.05
486,CUST1486,EMP106,ORD5486,2025-02-27,West,Indore,Sales,Furniture,Rice,77804.34,7442.07,95,5067.37,28.28,27050.19,175057.53,11.7,23,3.0,Female,Pending,Debit Card,Regular,Critical,Mobile App,Diploma,Contract,Poor,India,Zone C,Manager_6,Supplier_6,Brand A,Corporate,High,Delivered,Silver,Direct,535.53,887.29,45.85,963.11,773.39,7.73,529.48,41.07,45.5,935.38,161.07,516.66,826.98,113.76,350.32,917.41,838.85,222.04,847.96,101.77
315,CUST1315,EMP175,ORD5315,2025-02-27,East,Delhi,IT,Grocery,Headphones,29605.25,11909.8,27,15721.2,20.82,33128.83,41254.25,14.0,28,3.4,Female,Cancelled,Net Banking,New,Medium,Online,PhD,Permanent,Poor,India,Zone D,Manager_15,Supplier_15,Brand B,Small Business,Medium,Delayed,Gold,Advertisement,82.35,828.54,716.09,807.66,8.77,520.35,348.86,723.03,903.01,47.73,798.13,144.25,773.98,94.11,494.67,53.07,70.04,231.98,129.81,909.64
471,CUST1471,EMP171,ORD5471,2025-02-27,East,Mumbai,HR,Clothing,Shirt,15656.61,16972.42,46,38107.63,7.09,8775.11,126043.54,7.7,52,3.7,Female,Returned,Debit Card,Premium,High,Store,Diploma,Permanent,Average,India,Zone A,Manager_11,Supplier_6,Brand E,Corporate,High,In Transit,Silver,Website,489.56,488.56,431.37,103.5,149.14,466.63,843.39,180.48,516.23,591.0,501.0,654.85,534.36,332.18,545.64,172.86,361.14,501.39,565.29,627.28
321,CUST1321,EMP101,ORD5321,2025-02-27,North,Mumbai,Marketing,Clothing,Table,55123.55,-4939.44,21,14356.41,31.11,5152.16,132526.92,18.1,54,3.1,Female,Cancelled,Credit Card,New,High,Online,Diploma,Permanent,Poor,India,Zone D,Manager_1,Supplier_6,Brand B,Small Business,High,In Transit,Platinum,Website,212.13,172.66,24.66,789.07,894.71,676.74,463.73,376.17,280.27,638.35,761.21,479.61,319.14,928.18,563.66,437.02,768.98,449.14,799.33,969.59
29,CUST1029,EMP129,ORD5029,2025-02-28,Central,Bhopal,Marketing,Beauty,Rice,60605.13,24849.44,73,48514.74,24.91,44561.18,58644.23,16.3,26,3.6,Female,Pending,Credit Card,New,Low,Mobile App,Diploma,Permanent,Excellent,India,Zone D,Manager_9,Supplier_14,Brand B,Small Business,High,Delivered,Gold,Advertisement,128.94,614.41,673.42,747.75,278.84,424.43,201.08,157.64,273.8,254.82,35.71,693.73,371.8,153.86,95.16,581.11,575.38,267.74,752.63,69.03
400,CUST1400,EMP180,ORD5400,2025-03-03,North,Bhopal,Sales,Electronics,Chair,85966.19,9982.95,35,34916.04,29.21,27764.86,138949.72,6.8,48,4.3,Other,Completed,Net Banking,Premium,Medium,Online,PhD,Contract,Good,India,Zone B,Manager_20,Supplier_10,Brand E,Small Business,Medium,Delayed,Platinum,Referral,351.22,297.79,186.56,312.51,653.79,501.24,162.28,608.3,36.18,905.86,777.15,64.39,468.03,252.24,219.98,897.16,278.94,2.75,989.36,332.71
82,CUST1082,EMP102,ORD5082,2025-03-04,West,Indore,Operations,Furniture,Watch,80135.31,23645.41,64,46765.09,11.95,21569.48,69226.85,14.3,48,1.3,Other,Completed,UPI,Regular,High,Online,Bachelor,Contract,Excellent,India,Zone D,Manager_2,Supplier_7,Brand D,Consumer,High,Cancelled,Gold,Advertisement,977.63,74.17,383.51,712.25,862.02,715.67,758.31,390.04,937.79,97.05,377.5,265.77,727.83,516.85,849.8,403.49,901.04,722.74,455.3,738.15
77,CUST1077,EMP177,ORD5077,2025-03-06,North,Mumbai,Sales,Furniture,Table,83043.96,21839.28,67,35154.17,19.96,41889.02,44016.18,19.9,47,4.8,Female,Pending,UPI,New,Critical,Mobile App,Bachelor,Contract,Good,India,Zone B,Manager_17,Supplier_2,Brand A,Corporate,High,Delivered,Platinum,Website,946.79,792.9,24.66,437.6,102.81,328.31,854.78,687.12,531.98,302.25,967.12,931.61,32.91,453.75,97.22,239.65,948.8,229.64,492.85,110.1
337,CUST1337,EMP117,ORD5337,2025-03-10,West,Pune,Finance,Furniture,Watch,30667.81,23189.55,15,12550.2,27.63,7892.99,129799.95,18.6,38,3.4,Female,Completed,UPI,Regular,High,Mobile App,Bachelor,Part-time,Excellent,India,Zone C,Manager_17,Supplier_7,Brand E,Consumer,Low,Delivered,Platinum,Direct,970.08,371.9,483.68,212.92,995.55,991.4,271.53,37.92,45.92,182.97,965.51,369.75,211.62,757.34,612.66,635.74,386.96,470.8,163.38,260.63
415,CUST1415,EMP115,ORD5415,2025-03-10,Central,Pune,Marketing,Electronics,Rice,73841.11,16388.8,17,15945.97,12.6,27199.89,177392.83,10.7,30,1.9,Male,Cancelled,Net Banking,New,Critical,Mobile App,PhD,Permanent,Good,India,Zone C,Manager_15,Supplier_10,Brand B,Small Business,Medium,Delivered,Silver,Website,112.61,23.5,295.99,74.12,371.59,692.44,168.63,560.74,6.49,31.34,269.64,176.62,171.82,828.82,545.99,324.79,759.12,281.85,903.14,661.08
458,CUST1458,EMP158,ORD5458,2025-03-11,North,Pune,Marketing,Electronics,Shoes,22714.71,7332.81,86,5369.02,24.47,6580.77,151446.91,1.6,34,4.1,Female,Cancelled,Cash,New,Critical,Store,Master,Permanent,Excellent,India,Zone C,Manager_18,Supplier_8,Brand A,Small Business,Low,Delivered,Basic,Website,50.14,712.72,852.73,782.44,874.88,194.23,186.8,325.77,588.09,670.32,203.82,44.82,647.76,23.06,39.05,704.98,111.57,659.74,528.74,597.13
5,CUST1005,EMP105,ORD5005,2025-03-13,East,Bengaluru,Finance,Beauty,Phone,91112.32,15699.99,71,28171.5,37.76,63829.64,70586.69,13.6,28,1.2,Other,Cancelled,Net Banking,Premium,Low,Online,Diploma,Contract,Excellent,India,Zone A,Manager_5,Supplier_5,Brand E,Corporate,High,Delayed,Gold,Social Media,997.78,573.13,613.07,959.73,736.49,620.87,363.79,400.59,575.75,611.33,331.49,396.74,808.74,831.01,812.95,904.11,218.25,948.16,719.73,997.09
434,CUST1434,EMP134,ORD5434,2025-03-15,East,Bengaluru,Sales,Clothing,Shirt,3626.47,-2700.93,84,14889.96,7.31,38929.26,22387.14,17.2,44,1.1,Female,Returned,UPI,Premium,Low,Mobile App,Bachelor,Permanent,Excellent,India,Zone A,Manager_14,Supplier_14,Brand B,Consumer,High,Cancelled,Basic,Direct,155.92,943.16,539.95,698.99,150.35,364.5,395.04,721.92,359.97,806.4,439.77,471.54,751.09,775.9,199.65,157.63,385.1,811.13,829.49,420.43
383,CUST1383,EMP163,ORD5383,2025-03-16,South,Kolkata,Finance,Furniture,Shirt,28204.72,2600.72,81,41524.53,29.26,31272.29,133888.99,19.6,43,4.8,Other,Completed,Credit Card,Premium,Medium,Store,Bachelor,Permanent,Excellent,India,Zone D,Manager_3,Supplier_8,Brand E,Corporate,Medium,In Transit,Platinum,Advertisement,891.23,952.42,219.93,852.14,755.87,836.94,785.6,210.46,325.64,147.16,609.17,25.04,659.48,580.72,151.13,808.33,156.67,782.37,275.64,539.01
331,CUST1331,EMP111,ORD5331,2025-03-17,Central,Mumbai,HR,Furniture,Rice,82232.48,6206.64,83,47164.42,39.36,16288.77,112156.91,9.7,46,1.1,Other,Completed,Cash,Regular,Medium,Store,PhD,Contract,Good,India,Zone D,Manager_11,Supplier_1,Brand E,Small Business,High,Delivered,Platinum,Referral,927.26,186.56,702.04,653.8,433.37,427.43,954.62,666.76,200.36,909.07,225.39,845.11,96.91,995.03,629.22,453.35,779.14,956.83,352.35,552.08
408,CUST1408,EMP108,ORD5408,2025-03-17,South,Kolkata,Marketing,Furniture,Shoes,64947.46,1032.96,79,6685.07,28.03,46704.53,54586.02,3.7,26,3.4,Other,Completed,Net Banking,Premium,Critical,Online,PhD,Part-time,Excellent,India,Zone A,Manager_8,Supplier_3,Brand E,Consumer,High,Cancelled,Basic,Website,431.7,146.85,681.54,175.51,148.34,335.25,782.74,68.53,883.86,206.44,385.13,817.35,237.17,953.91,476.59,498.41,608.06,925.09,135.07,2.67
489,CUST1489,EMP109,ORD5489,2025-03-21,South,Indore,IT,Beauty,Shoes,62163.59,15369.35,55,12753.85,35.44,52521.76,110691.86,16.1,40,2.8,Female,Pending,Cash,Regular,Medium,Store,Bachelor,Permanent,Average,India,Zone D,Manager_9,Supplier_9,Brand B,Consumer,High,Cancelled,Basic,Social Media,528.06,271.48,658.83,813.63,429.82,160.52,152.89,232.78,795.73,157.06,753.38,380.78,571.45,491.04,499.98,106.56,349.1,147.48,730.59,215.44
53,CUST1053,EMP153,ORD5053,2025-03-22,East,Bhopal,Sales,Clothing,Phone,28813.95,6783.81,51,1359.34,29.07,54977.35,33493.79,5.1,57,3.1,Male,Returned,Net Banking,Regular,Medium,Online,Bachelor,Contract,Excellent,India,Zone B,Manager_13,Supplier_8,Brand C,Consumer,Medium,Delayed,Silver,Referral,453.01,244.81,237.15,581.12,722.73,340.45,776.12,638.53,361.49,68.45,685.41,609.46,796.77,810.41,170.3,282.07,86.32,118.53,336.79,912.38
151,CUST1151,EMP171,ORD5151,2025-03-22,East,Bengaluru,HR,Beauty,Skincare,84790.38,5865.29,59,42491.76,15.97,18246.27,167738.15,6.7,32,1.1,Male,Completed,Credit Card,Regular,High,Mobile App,PhD,Permanent,Good,India,Zone A,Manager_11,Supplier_1,Brand E,Corporate,High,Cancelled,Gold,Website,646.81,902.19,973.94,556.12,473.69,827.67,239.74,213.71,281.54,509.72,32.92,88.46,997.91,373.73,447.94,185.76,773.03,793.97,379.79,114.86
120,CUST1120,EMP140,ORD5120,2025-03-27,Central,Bhopal,Operations,Electronics,Laptop,40687.84,17893.25,59,18357.7,4.78,63814.88,34075.19,4.2,32,4.3,Other,Returned,UPI,New,Low,Store,Diploma,Permanent,Average,India,Zone D,Manager_20,Supplier_15,Brand B,Consumer,Low,In Transit,Platinum,Direct,757.01,53.7,420.54,393.68,888.18,59.98,41.27,911.25,865.42,316.32,338.88,468.18,700.51,455.68,926.94,344.04,724.23,419.93,217.39,176.1
334,CUST1334,EMP114,ORD5334,2025-03-27,East,Bengaluru,Operations,Furniture,Chair,52864.71,6568.41,71,38429.6,27.22,17263.99,115134.76,18.0,46,1.6,Other,Completed,Net Banking,New,Critical,Online,Diploma,Contract,Average,India,Zone A,Manager_14,Supplier_4,Brand E,Corporate,Medium,In Transit,Silver,Referral,33.17,91.31,336.08,992.81,40.24,457.3,808.01,640.97,390.11,842.47,9.77,986.78,98.52,3.93,857.61,898.66,525.75,311.76,941.03,291.75
12,CUST1012,EMP112,ORD5012,2025-03-29,West,Bengaluru,Sales,Grocery,Headphones,44801.99,4057.5,58,28022.98,18.56,5952.37,144846.04,11.8,33,1.9,Other,Completed,Credit Card,Regular,High,Mobile App,Bachelor,Permanent,Poor,India,Zone C,Manager_12,Supplier_12,Brand D,Corporate,Low,Delivered,Platinum,Direct,296.02,679.04,428.56,869.76,557.95,380.58,511.51,935.04,14.63,521.39,425.07,371.19,367.69,220.32,250.5,493.79,63.15,926.64,921.93,160.2
377,CUST1377,EMP157,ORD5377,2025-03-31,West,Jaipur,IT,Beauty,Laptop,84502.75,6498.53,20,40267.69,29.59,55410.77,29166.32,14.0,46,4.1,Male,Cancelled,Cash,New,Critical,Mobile App,Master,Part-time,Excellent,India,Zone D,Manager_17,Supplier_2,Brand A,Consumer,High,Delivered,Platinum,Direct,11.43,359.23,234.41,693.43,245.23,926.08,997.88,959.32,17.29,955.47,547.11,277.62,131.59,433.38,732.12,611.43,834.6,871.29,256.98,418.87
464,CUST1464,EMP164,ORD5464,2025-04-01,Central,Bengaluru,Sales,Furniture,Laptop,87985.88,20889.17,88,49488.85,31.63,33810.95,87985.71,18.1,49,4.6,Male,Completed,Net Banking,Regular,Medium,Online,Master,Permanent,Poor,India,Zone B,Manager_4,Supplier_14,Brand D,Consumer,Low,Delivered,Basic,Referral,63.92,623.26,899.34,516.05,843.88,22.69,842.04,167.88,154.68,91.37,359.17,237.48,830.96,104.99,777.37,138.93,581.69,932.29,211.41,682.13
293,CUST1293,EMP153,ORD5293,2025-04-02,West,Kolkata,HR,Clothing,Shoes,28393.28,1133.22,98,16050.64,32.99,48789.64,27566.12,10.5,49,2.8,Other,Completed,UPI,Regular,High,Online,Bachelor,Contract,Good,India,Zone D,Manager_13,Supplier_8,Brand D,Consumer,Medium,Delivered,Platinum,Social Media,12.59,877.03,916.47,110.02,642.72,506.01,401.21,432.48,75.6,76.25,523.86,972.37,320.59,385.56,762.2,426.84,284.15,981.41,90.52,752.26
46,CUST1046,EMP146,ORD5046,2025-04-02,North,Mumbai,IT,Furniture,Chair,46553.77,19881.75,3,46950.86,33.59,56886.11,101787.93,11.5,41,3.8,Female,Completed,UPI,New,Critical,Online,Diploma,Permanent,Excellent,India,Zone B,Manager_6,Supplier_1,Brand B,Small Business,Low,In Transit,Silver,Referral,511.0,424.87,342.43,990.57,646.6,740.3,608.31,679.55,537.77,245.8,889.6,64.91,76.6,468.75,388.84,251.26,414.3,386.07,316.55,662.6
339,CUST1339,EMP119,ORD5339,2025-04-04,North,Bhopal,Operations,Beauty,Laptop,56547.25,16771.78,22,13791.79,1.88,40751.34,70324.33,3.6,27,2.6,Female,Pending,Debit Card,Regular,High,Online,PhD,Contract,Average,India,Zone B,Manager_19,Supplier_9,Brand B,Consumer,High,Delivered,Gold,Advertisement,778.55,137.07,441.36,276.9,855.63,198.55,517.01,825.85,411.76,612.0,594.55,293.92,67.23,553.48,407.19,158.17,381.61,559.94,6.02,559.51
323,CUST1323,EMP103,ORD5323,2025-04-06,East,Bengaluru,Sales,Electronics,Shirt,3850.08,-1488.02,5,15809.81,36.11,59770.45,159348.23,11.9,45,2.1,Female,Completed,Net Banking,Premium,Critical,Online,PhD,Contract,Excellent,India,Zone A,Manager_3,Supplier_8,Brand D,Small Business,Low,In Transit,Silver,Website,968.61,468.06,932.5,185.96,975.89,18.47,457.81,363.13,555.09,916.98,663.44,432.71,716.75,889.04,481.89,499.69,14.31,533.7,202.26,459.62
392,CUST1392,EMP172,ORD5392,2025-04-06,West,Pune,Operations,Beauty,Laptop,50107.79,22457.72,59,21058.2,27.03,15416.91,85772.02,2.3,34,3.7,Female,Returned,Net Banking,Regular,High,Online,Bachelor,Part-time,Excellent,India,Zone C,Manager_12,Supplier_2,Brand B,Corporate,High,Cancelled,Basic,Social Media,910.41,817.08,615.79,798.18,475.8,71.18,653.84,434.96,634.48,882.61,829.43,957.49,419.69,253.35,735.46,247.65,609.58,538.28,101.12,161.08
110,CUST1110,EMP130,ORD5110,2025-04-06,East,Delhi,Marketing,Beauty,Shoes,8897.04,16574.8,62,30577.46,12.8,24550.74,99869.17,15.8,29,2.1,Other,Pending,Net Banking,Regular,Medium,Online,Bachelor,Contract,Good,India,Zone C,Manager_10,Supplier_5,Brand E,Small Business,Low,Delayed,Gold,Advertisement,854.92,648.17,953.29,129.18,350.7,876.99,83.72,363.94,110.44,835.85,468.89,409.98,715.23,460.74,585.47,413.49,326.49,132.46,524.21,198.53
200,CUST1200,EMP140,ORD5200,2025-04-09,West,Bengaluru,IT,Grocery,Headphones,16941.58,19105.54,33,31648.68,18.22,18768.54,153991.42,17.5,59,2.1,Other,Pending,Net Banking,Premium,Medium,Online,PhD,Permanent,Poor,India,Zone A,Manager_20,Supplier_5,Brand D,Corporate,High,Delayed,Gold,Website,267.51,261.07,91.25,326.07,186.91,677.19,903.34,270.0,337.9,232.13,426.97,756.48,46.52,604.56,539.37,20.76,499.32,905.14,642.63,87.76
391,CUST1391,EMP171,ORD5391,2025-04-09,West,Kolkata,Marketing,Clothing,Shirt,10928.4,20955.8,45,10763.54,18.39,46353.1,159196.91,2.7,41,1.4,Female,Completed,Debit Card,Regular,High,Mobile App,Bachelor,Part-time,Good,India,Zone B,Manager_11,Supplier_1,Brand B,Consumer,Medium,Delayed,Silver,Advertisement,625.67,52.82,835.36,473.53,181.33,140.61,381.86,451.64,339.68,791.54,89.86,226.34,870.33,422.31,259.38,597.12,40.13,282.11,798.31,886.81
416,CUST1416,EMP116,ORD5416,2025-04-09,North,Mumbai,Finance,Furniture,Rice,97471.89,-4655.23,64,13043.48,8.98,9771.94,165378.48,10.1,38,4.5,Male,Completed,Cash,New,Low,Mobile App,PhD,Part-time,Average,India,Zone D,Manager_16,Supplier_11,Brand C,Corporate,Medium,Delivered,Platinum,Direct,912.06,375.5,326.19,34.74,296.85,630.19,976.23,258.04,706.84,106.71,786.17,358.32,104.24,877.67,75.6,932.05,595.55,588.88,512.0,749.06
255,CUST1255,EMP115,ORD5255,2025-04-09,Central,Indore,HR,Beauty,Watch,30194.27,-115.55,30,2684.12,35.8,66680.92,132858.24,12.2,33,1.1,Male,Pending,Cash,Regular,Critical,Mobile App,Diploma,Part-time,Excellent,India,Zone C,Manager_15,Supplier_15,Brand E,Corporate,Medium,In Transit,Gold,Direct,753.21,758.45,188.6,284.91,870.41,553.04,195.98,32.2,987.77,900.84,971.91,529.16,569.07,997.7,383.52,124.88,807.13,460.01,215.66,676.63
262,CUST1262,EMP122,ORD5262,2025-04-09,North,Bhopal,Marketing,Beauty,Headphones,73535.96,7916.21,24,9215.35,9.07,58104.51,28351.95,6.0,38,2.0,Other,Returned,Debit Card,Regular,Medium,Store,Master,Permanent,Poor,India,Zone D,Manager_2,Supplier_7,Brand C,Consumer,Medium,In Transit,Silver,Advertisement,664.38,336.93,219.37,972.26,932.27,170.75,951.5,911.09,997.32,614.38,4.06,570.24,881.53,216.32,184.49,202.93,384.37,847.95,989.07,351.31
99,CUST1099,EMP119,ORD5099,2025-04-09,North,Bhopal,Finance,Beauty,Shirt,15855.0,21320.67,31,49820.27,15.6,28215.44,51372.92,13.2,25,4.9,Female,Pending,Debit Card,New,Low,Online,PhD,Permanent,Poor,India,Zone C,Manager_19,Supplier_9,Brand C,Small Business,Low,In Transit,Platinum,Social Media,329.14,989.56,637.3,945.74,911.74,757.17,171.43,778.13,335.12,440.31,796.97,400.81,990.76,461.98,721.27,269.28,32.86,657.21,398.99,830.07
215,CUST1215,EMP155,ORD5215,2025-04-09,Central,Kolkata,Operations,Furniture,Table,71233.03,11479.29,50,4228.43,27.93,4393.62,26502.04,3.5,57,2.4,Other,Cancelled,Credit Card,New,High,Online,Master,Contract,Average,India,Zone A,Manager_15,Supplier_5,Brand E,Consumer,Low,Cancelled,Silver,Advertisement,989.07,914.67,564.85,40.44,113.96,276.67,468.3,876.22,380.57,733.28,324.58,555.63,994.95,212.13,445.28,674.21,70.66,949.13,793.46,867.98
351,CUST1351,EMP131,ORD5351,2025-04-10,South,Delhi,HR,Beauty,Laptop,19309.43,19517.57,43,41039.3,0.89,8131.95,171660.29,12.6,27,5.0,Female,Completed,UPI,Regular,High,Online,Diploma,Part-time,Average,India,Zone D,Manager_11,Supplier_6,Brand E,Corporate,Medium,In Transit,Platinum,Advertisement,99.76,613.28,716.88,977.72,829.29,405.18,466.0,64.0,599.3,528.34,386.77,595.31,939.43,331.98,145.48,291.59,927.26,752.08,876.87,355.24
14,CUST1014,EMP114,ORD5014,2025-04-10,South,Kolkata,Finance,Clothing,Rice,64140.75,5628.03,53,32938.32,12.95,26238.9,92004.48,1.9,33,4.9,Male,Completed,Debit Card,New,Critical,Store,Diploma,Part-time,Good,India,Zone A,Manager_14,Supplier_14,Brand D,Small Business,Medium,Delayed,Gold,Referral,4.13,458.77,440.54,346.5,38.93,706.91,935.8,611.43,154.57,269.44,166.98,147.64,166.57,598.5,739.48,8.12,952.82,514.94,405.15,299.34
1,CUST1001,EMP101,ORD5001,2025-04-13,North,Kolkata,HR,Electronics,Chair,95604.54,5120.2,39,33243.67,38.55,1820.8,24631.3,8.2,27,3.5,Female,Returned,UPI,New,Medium,Mobile App,Diploma,Contract,Excellent,India,Zone A,Manager_1,Supplier_1,Brand B,Corporate,Low,Delayed,Gold,Social Media,919.6,972.04,116.54,140.81,888.11,224.76,605.0,307.37,104.76,778.67,199.66,230.05,920.81,983.84,644.18,367.98,362.83,501.34,16.71,736.42
307,CUST1307,EMP167,ORD5307,2025-04-13,North,Indore,Sales,Furniture,Headphones,24602.01,7911.24,38,7898.56,38.1,39551.24,72406.64,12.0,24,3.3,Female,Cancelled,Cash,New,High,Mobile App,Master,Permanent,Good,India,Zone B,Manager_7,Supplier_7,Brand C,Small Business,Medium,Delayed,Gold,Direct,328.35,58.43,360.38,84.67,488.52,343.44,406.54,738.22,804.56,441.31,354.72,608.87,701.75,921.76,158.78,207.67,976.27,467.57,871.67,520.57
276,CUST1276,EMP136,ORD5276,2025-04-14,South,Jaipur,Marketing,Clothing,Headphones,20464.78,-1514.27,25,12563.63,7.98,49001.8,116851.75,12.9,23,4.6,Female,Completed,Cash,Premium,Critical,Mobile App,PhD,Contract,Average,India,Zone C,Manager_16,Supplier_6,Brand B,Corporate,Low,Cancelled,Gold,Referral,510.26,682.76,954.91,290.96,296.15,954.23,214.12,231.98,671.01,544.69,0.85,702.55,164.28,467.73,190.15,835.59,708.59,830.2,300.98,651.59
209,CUST1209,EMP149,ORD5209,2025-04-14,West,Kolkata,Sales,Electronics,Rice,32919.4,14954.39,96,43663.67,34.73,69433.05,30198.83,9.2,25,3.3,Female,Cancelled,Debit Card,Premium,High,Mobile App,PhD,Permanent,Excellent,India,Zone D,Manager_9,Supplier_14,Brand A,Small Business,Low,Cancelled,Platinum,Social Media,453.85,859.64,43.4,298.2,371.23,346.4,35.67,842.59,679.55,814.77,527.39,607.96,972.63,624.03,32.73,524.83,953.22,884.1,234.33,194.0
57,CUST1057,EMP157,ORD5057,2025-04-16,North,Delhi,IT,Grocery,Shirt,57690.57,1961.19,8,29487.76,12.32,59747.71,106666.6,10.3,42,4.4,Female,Pending,Debit Card,Regular,High,Mobile App,Master,Part-time,Good,India,Zone B,Manager_17,Supplier_12,Brand D,Consumer,High,Cancelled,Basic,Website,751.8,605.4,237.62,442.47,520.41,214.87,602.84,836.45,718.88,237.57,473.44,367.12,148.18,242.69,481.56,405.35,695.76,135.64,504.37,427.16
313,CUST1313,EMP173,ORD5313,2025-04-16,Central,Bhopal,IT,Grocery,Table,86408.38,16113.77,61,48436.86,1.03,13601.88,139596.95,1.1,51,2.9,Other,Cancelled,UPI,Premium,Low,Mobile App,PhD,Contract,Good,India,Zone B,Manager_13,Supplier_13,Brand C,Consumer,Low,Cancelled,Basic,Referral,485.5,926.19,234.08,954.15,539.43,852.51,47.71,50.97,945.36,814.42,136.45,930.84,486.29,287.83,164.56,700.39,423.95,872.43,953.83,505.84
4,CUST1004,EMP104,ORD5004,2025-04-17,North,Mumbai,IT,Beauty,Chair,8679.6,-3181.13,17,6405.19,35.58,25024.34,28223.23,1.8,38,3.4,Other,Returned,Credit Card,Premium,High,Online,Bachelor,Permanent,Good,India,Zone D,Manager_4,Supplier_4,Brand A,Consumer,Low,Delivered,Platinum,Advertisement,874.06,112.21,387.57,77.67,804.67,734.11,780.77,151.48,262.82,967.02,450.62,530.41,370.23,217.28,354.49,284.23,338.22,793.94,689.67,19.43
424,CUST1424,EMP124,ORD5424,2025-04-19,West,Bengaluru,Marketing,Electronics,Shirt,82419.29,16616.97,71,16666.71,29.79,21727.95,87856.1,18.1,56,2.1,Male,Cancelled,Credit Card,Regular,High,Online,PhD,Part-time,Average,India,Zone B,Manager_4,Supplier_4,Brand C,Corporate,High,Delayed,Silver,Direct,188.35,918.85,856.37,962.98,578.47,417.74,33.13,901.59,344.67,592.47,7.31,53.65,768.09,40.17,509.88,510.89,758.14,334.49,686.08,693.11
212,CUST1212,EMP152,ORD5212,2025-04-22,South,Pune,Sales,Furniture,Phone,73216.39,17941.57,5,20601.77,27.02,37677.17,19157.02,18.7,54,1.3,Other,Pending,Cash,Premium,Low,Store,Master,Part-time,Excellent,India,Zone D,Manager_12,Supplier_2,Brand B,Small Business,Medium,Delivered,Basic,Advertisement,327.55,309.77,104.94,453.93,673.75,464.37,191.29,463.23,506.71,483.32,484.37,484.16,365.43,959.55,828.76,186.1,606.62,389.41,832.49,633.63
143,CUST1143,EMP163,ORD5143,2025-04-23,East,Mumbai,Marketing,Beauty,Shirt,34307.0,-3637.9,13,33937.88,39.02,9701.59,105896.88,4.5,39,2.0,Male,Pending,Credit Card,New,High,Online,PhD,Permanent,Poor,India,Zone D,Manager_3,Supplier_8,Brand D,Small Business,Low,Delayed,Basic,Direct,509.87,531.0,586.75,399.64,847.21,407.09,743.86,804.74,761.81,336.11,84.53,251.68,667.4,994.17,995.05,495.54,965.82,772.81,550.96,280.78
150,CUST1150,EMP170,ORD5150,2025-04-23,East,Kolkata,Marketing,Electronics,Rice,10575.36,-3160.07,40,15726.84,10.87,59211.18,65254.34,16.4,19,4.6,Other,Cancelled,Debit Card,Regular,High,Store,PhD,Permanent,Good,India,Zone B,Manager_10,Supplier_15,Brand B,Consumer,Low,Delayed,Silver,Advertisement,578.7,678.18,194.33,601.08,514.33,468.29,92.08,798.05,121.44,746.85,894.7,553.49,869.18,116.81,898.27,146.86,745.61,541.33,278.73,424.42
152,CUST1152,EMP172,ORD5152,2025-04-23,Central,Mumbai,Marketing,Beauty,Rice,53342.99,16693.85,2,4540.59,23.94,214.9,55322.64,11.5,40,4.1,Other,Pending,UPI,Premium,Critical,Online,Bachelor,Permanent,Excellent,India,Zone A,Manager_12,Supplier_2,Brand B,Consumer,High,Delayed,Gold,Advertisement,930.56,385.73,361.65,404.66,755.45,451.22,100.02,267.21,53.38,902.92,812.45,729.5,585.18,138.84,48.53,328.21,919.89,610.41,598.51,138.62
379,CUST1379,EMP159,ORD5379,2025-04-25,South,Jaipur,Sales,Beauty,Shirt,14342.03,3499.14,29,8065.28,0.67,23811.5,53654.59,5.4,29,1.9,Other,Completed,UPI,Premium,Critical,Mobile App,Bachelor,Part-time,Average,India,Zone B,Manager_19,Supplier_4,Brand D,Consumer,High,In Transit,Gold,Social Media,410.34,174.36,114.25,252.83,12.64,363.33,833.0,458.55,195.78,42.59,809.78,467.12,450.69,777.23,996.56,510.93,813.92,782.2,310.36,121.61
263,CUST1263,EMP123,ORD5263,2025-04-26,West,Pune,Marketing,Grocery,Headphones,76378.34,21339.53,49,7065.98,22.68,45865.3,30042.21,0.7,31,1.9,Other,Cancelled,Debit Card,Regular,Medium,Store,PhD,Contract,Excellent,India,Zone C,Manager_3,Supplier_8,Brand A,Consumer,Low,Delivered,Silver,Social Media,681.14,753.2,734.22,558.52,876.3,36.71,714.32,813.09,282.18,423.26,719.84,568.36,915.28,505.83,371.23,428.25,131.04,151.1,725.57,890.92
318,CUST1318,EMP178,ORD5318,2025-04-27,North,Mumbai,Marketing,Electronics,Shoes,2691.68,12506.71,82,23284.2,10.32,28976.21,101083.79,2.6,52,4.9,Female,Cancelled,Net Banking,New,Low,Store,PhD,Permanent,Good,India,Zone C,Manager_18,Supplier_3,Brand C,Corporate,Medium,Delayed,Basic,Direct,614.93,217.8,46.64,340.23,101.56,969.33,186.83,759.09,151.96,578.14,582.89,480.17,192.53,847.53,361.78,498.53,738.04,951.07,437.71,838.56
484,CUST1484,EMP104,ORD5484,2025-04-27,East,Jaipur,Marketing,Furniture,Shirt,64636.82,12157.37,17,14019.01,13.31,18097.78,80644.82,7.2,29,4.4,Female,Returned,Cash,New,Low,Store,Master,Permanent,Good,India,Zone A,Manager_4,Supplier_4,Brand B,Corporate,High,Delayed,Silver,Direct,600.12,493.8,548.72,596.74,926.71,537.38,365.05,680.27,459.24,68.78,379.59,104.9,375.45,645.08,785.87,270.53,117.57,814.18,630.41,72.69
324,CUST1324,EMP104,ORD5324,2025-04-28,Central,Mumbai,Finance,Grocery,Phone,21855.49,8472.54,87,2248.31,21.0,50797.57,57551.9,14.4,57,2.1,Male,Pending,Debit Card,Regular,Medium,Online,Diploma,Permanent,Good,India,Zone C,Manager_4,Supplier_9,Brand A,Small Business,Low,In Transit,Basic,Referral,771.81,233.05,236.93,909.53,939.08,61.98,375.79,257.08,108.81,500.42,215.81,679.45,299.7,454.07,525.59,528.52,118.16,452.55,689.78,331.4
314,CUST1314,EMP174,ORD5314,2025-04-30,East,Mumbai,Marketing,Beauty,Watch,40429.95,6197.79,18,13190.91,22.13,33044.45,56231.45,18.2,39,1.3,Male,Pending,Net Banking,New,Medium,Mobile App,Master,Contract,Poor,India,Zone D,Manager_14,Supplier_14,Brand C,Small Business,Medium,In Transit,Gold,Website,335.48,811.45,411.86,990.47,517.74,579.83,147.61,479.33,143.79,32.18,568.31,165.52,733.93,30.62,503.07,126.49,228.07,752.2,450.82,644.7
206,CUST1206,EMP146,ORD5206,2025-04-30,North,Bengaluru,Finance,Beauty,Skincare,78347.64,-3443.14,22,857.33,10.5,1377.43,175668.26,15.8,50,2.8,Other,Completed,Debit Card,New,Medium,Online,Bachelor,Contract,Excellent,India,Zone B,Manager_6,Supplier_11,Brand A,Small Business,High,Cancelled,Silver,Advertisement,788.95,155.68,958.8,17.79,985.96,777.64,57.18,999.92,297.08,49.28,543.73,950.68,724.19,377.12,556.61,796.99,78.12,437.36,281.79,15.74
7,CUST1007,EMP107,ORD5007,2025-05-02,South,Indore,Finance,Grocery,Rice,14183.62,22918.2,69,47026.92,0.22,35903.81,72637.24,10.3,33,1.1,Male,Returned,Credit Card,Premium,Low,Online,Diploma,Contract,Excellent,India,Zone B,Manager_7,Supplier_7,Brand A,Corporate,Low,Cancelled,Gold,Direct,842.25,366.67,506.46,754.68,446.83,197.29,512.98,355.69,778.65,344.98,822.58,628.29,882.05,962.79,994.69,681.37,902.13,321.44,223.36,542.81
165,CUST1165,EMP105,ORD5165,2025-05-03,North,Pune,IT,Furniture,Chair,92600.91,13288.93,12,45670.31,37.66,50622.64,63734.84,7.3,23,1.3,Male,Returned,Net Banking,Regular,Critical,Store,Diploma,Contract,Excellent,India,Zone B,Manager_5,Supplier_15,Brand E,Corporate,Low,Delayed,Basic,Website,547.87,541.64,653.56,481.91,120.74,521.83,342.5,660.17,76.39,850.52,373.97,56.89,380.44,459.3,107.86,74.62,414.69,672.79,654.98,429.99
173,CUST1173,EMP113,ORD5173,2025-05-04,East,Indore,Sales,Electronics,Rice,37354.5,7172.54,67,14783.91,25.12,16491.51,68335.88,10.2,57,1.8,Male,Completed,Cash,Premium,Medium,Store,Diploma,Permanent,Excellent,India,Zone D,Manager_13,Supplier_8,Brand D,Consumer,Medium,Delayed,Silver,Advertisement,288.91,263.57,4.1,21.39,454.94,354.94,100.14,288.85,836.94,848.67,780.34,265.32,450.6,186.31,635.48,735.37,524.89,885.06,72.52,17.55
297,CUST1297,EMP157,ORD5297,2025-05-05,East,Bengaluru,Sales,Electronics,Shoes,55138.47,10503.7,63,22261.35,21.72,47031.28,32670.63,2.9,57,3.6,Other,Pending,UPI,Regular,High,Store,PhD,Contract,Excellent,India,Zone D,Manager_17,Supplier_12,Brand A,Small Business,High,Delayed,Platinum,Advertisement,232.59,328.27,855.34,796.58,23.81,56.03,88.52,549.68,338.11,481.24,832.5,100.8,786.13,460.88,950.38,553.16,192.14,900.52,28.19,865.0
467,CUST1467,EMP167,ORD5467,2025-05-06,Central,Bhopal,IT,Clothing,Headphones,83061.43,3903.6,2,25280.49,23.76,49549.1,34721.1,5.5,35,4.7,Male,Pending,Debit Card,Premium,Low,Mobile App,Master,Permanent,Good,India,Zone B,Manager_7,Supplier_2,Brand A,Corporate,Low,Delayed,Basic,Direct,900.87,205.26,764.06,951.03,35.63,34.2,200.51,223.37,948.94,254.23,242.17,419.24,648.83,84.1,734.12,62.98,821.67,250.13,923.29,148.8
319,CUST1319,EMP179,ORD5319,2025-05-07,Central,Kolkata,Operations,Clothing,Chair,58534.12,10772.69,87,19042.88,4.54,14034.25,154857.21,5.8,55,3.2,Other,Pending,Credit Card,Premium,Medium,Store,Diploma,Contract,Poor,India,Zone B,Manager_19,Supplier_4,Brand D,Small Business,Medium,Delayed,Silver,Social Media,977.19,327.2,432.35,318.13,704.9,125.38,619.66,784.29,38.13,52.59,611.74,598.97,590.01,861.97,186.37,467.79,327.35,505.03,94.48,989.36
269,CUST1269,EMP129,ORD5269,2025-05-08,East,Jaipur,Sales,Grocery,Table,64624.79,15326.23,99,936.14,7.57,15513.56,59911.17,16.3,20,1.1,Female,Returned,Credit Card,Regular,High,Mobile App,PhD,Part-time,Excellent,India,Zone D,Manager_9,Supplier_14,Brand B,Small Business,Low,Cancelled,Gold,Direct,890.31,747.78,45.93,849.52,315.19,22.25,175.86,9.48,909.57,626.3,642.01,773.32,107.58,721.66,271.78,260.55,669.48,400.74,839.9,819.71
80,CUST1080,EMP180,ORD5080,2025-05-09,Central,Pune,Sales,Grocery,Chair,26041.08,-385.79,54,25694.82,25.8,43786.08,134515.98,5.2,29,3.9,Male,Pending,UPI,Premium,Medium,Store,Master,Contract,Poor,India,Zone B,Manager_20,Supplier_5,Brand E,Consumer,Low,Delivered,Platinum,Advertisement,960.01,335.91,74.94,265.54,189.35,219.04,237.47,552.71,964.82,395.12,548.33,921.89,18.33,508.35,898.27,814.7,89.52,68.5,762.71,725.86
158,CUST1158,EMP178,ORD5158,2025-05-10,Central,Indore,IT,Clothing,Table,97216.51,-3442.97,11,10004.7,35.75,38812.26,158222.54,14.7,45,3.1,Other,Cancelled,UPI,Premium,Low,Online,Master,Contract,Average,India,Zone C,Manager_18,Supplier_8,Brand D,Small Business,Low,Cancelled,Platinum,Direct,463.78,967.32,403.73,145.23,545.57,183.85,933.09,873.91,267.75,324.62,354.0,927.18,830.79,149.97,166.73,481.89,419.99,712.11,132.86,174.2
35,CUST1035,EMP135,ORD5035,2025-05-11,South,Bhopal,Finance,Furniture,Skincare,62440.71,9947.08,41,8348.58,28.97,57782.27,123913.45,13.3,56,3.5,Other,Cancelled,UPI,New,High,Online,PhD,Part-time,Poor,India,Zone D,Manager_15,Supplier_5,Brand E,Corporate,Low,Delayed,Silver,Advertisement,272.45,998.31,215.93,576.23,427.42,496.62,441.14,311.42,679.13,857.51,939.43,512.58,573.91,442.03,717.83,521.78,163.07,147.2,183.17,90.49
15,CUST1015,EMP115,ORD5015,2025-05-11,South,Kolkata,Marketing,Beauty,Laptop,67804.42,23472.14,65,5938.89,26.45,62051.55,154998.11,1.3,57,3.8,Other,Completed,UPI,Premium,Critical,Store,Bachelor,Contract,Poor,India,Zone B,Manager_15,Supplier_15,Brand B,Small Business,Medium,In Transit,Gold,Website,21.02,593.61,519.45,774.4,35.99,40.14,457.92,68.93,861.47,598.72,267.34,26.34,48.91,374.11,494.24,443.26,262.09,42.02,38.31,211.02
202,CUST1202,EMP142,ORD5202,2025-05-11,North,Mumbai,Sales,Furniture,Headphones,99971.52,-1246.24,8,19567.0,29.22,60127.42,117640.47,0.1,21,1.8,Male,Returned,Debit Card,Premium,Low,Mobile App,Diploma,Part-time,Excellent,India,Zone D,Manager_2,Supplier_7,Brand B,Corporate,Low,Cancelled,Gold,Referral,995.61,909.36,581.79,489.27,282.5,535.94,216.68,871.64,825.41,572.57,650.97,715.17,247.9,774.22,359.91,745.8,566.93,398.15,6.45,793.01
457,CUST1457,EMP157,ORD5457,2025-05-12,Central,Kolkata,IT,Electronics,Shirt,74033.14,8775.68,26,27324.55,32.34,13581.65,58792.7,15.3,29,3.5,Female,Returned,UPI,Premium,Critical,Mobile App,PhD,Contract,Excellent,India,Zone D,Manager_17,Supplier_7,Brand E,Corporate,Low,Delivered,Gold,Social Media,840.89,665.2,476.48,460.07,779.63,419.91,401.65,341.76,56.72,666.9,217.46,406.27,839.86,437.47,309.63,620.34,375.06,510.98,294.46,182.33
429,CUST1429,EMP129,ORD5429,2025-05-13,South,Pune,Operations,Grocery,Headphones,24567.94,22736.83,88,24271.12,17.62,7660.04,134999.01,15.3,56,2.1,Male,Completed,Debit Card,New,Low,Store,PhD,Permanent,Poor,India,Zone B,Manager_9,Supplier_9,Brand A,Small Business,Medium,Delayed,Gold,Website,323.58,571.64,44.35,512.1,182.89,359.11,393.66,933.89,731.77,850.45,693.43,9.58,468.18,953.9,644.53,568.58,281.75,877.45,632.53,828.33
485,CUST1485,EMP105,ORD5485,2025-05-14,South,Pune,Sales,Beauty,Phone,56348.71,24587.4,65,6545.8,22.3,54231.92,151025.07,10.6,45,3.6,Male,Cancelled,UPI,New,High,Store,Diploma,Part-time,Excellent,India,Zone B,Manager_5,Supplier_5,Brand A,Consumer,High,In Transit,Platinum,Direct,156.26,874.0,481.07,122.74,31.62,160.13,802.22,890.81,973.94,362.06,638.63,872.11,353.17,577.82,769.06,628.63,416.84,105.87,14.37,41.48
93,CUST1093,EMP113,ORD5093,2025-05-15,West,Mumbai,Finance,Grocery,Shoes,64821.78,24773.27,30,38700.28,22.12,21620.4,170961.83,6.9,55,3.9,Male,Pending,Credit Card,New,Medium,Mobile App,Diploma,Contract,Excellent,India,Zone B,Manager_13,Supplier_3,Brand A,Corporate,Low,Cancelled,Basic,Direct,927.97,982.48,689.16,929.98,916.27,468.41,219.33,844.33,222.07,369.01,865.77,681.74,272.22,769.86,444.8,1.0,738.57,712.54,551.53,262.31
224,CUST1224,EMP164,ORD5224,2025-05-15,Central,Mumbai,Sales,Electronics,Watch,55157.59,18926.42,18,44795.33,27.14,23818.67,142070.68,13.6,35,2.1,Other,Completed,Debit Card,New,High,Mobile App,PhD,Part-time,Good,India,Zone A,Manager_4,Supplier_14,Brand D,Small Business,Low,Delayed,Platinum,Direct,762.86,721.91,937.82,751.83,315.28,273.2,27.49,565.39,431.55,826.89,563.26,16.31,874.27,627.42,275.75,192.79,251.76,971.29,972.18,8.68
83,CUST1083,EMP103,ORD5083,2025-05-19,North,Mumbai,Sales,Grocery,Shoes,66435.12,9840.26,40,18852.67,35.65,60191.6,154885.28,13.7,54,2.4,Male,Returned,Net Banking,Premium,High,Mobile App,Master,Part-time,Average,India,Zone A,Manager_3,Supplier_8,Brand B,Corporate,Low,Delayed,Platinum,Referral,4.64,992.17,940.23,375.88,424.34,390.7,650.88,809.75,7.59,432.66,317.08,514.99,621.86,889.23,59.9,242.31,877.04,960.89,150.96,693.21
292,CUST1292,EMP152,ORD5292,2025-05-23,Central,Bengaluru,Operations,Beauty,Skincare,72453.37,12465.5,11,2434.61,32.78,57833.27,154891.98,8.7,36,4.6,Other,Cancelled,Cash,Regular,Medium,Mobile App,PhD,Part-time,Good,India,Zone A,Manager_12,Supplier_7,Brand A,Consumer,Medium,Cancelled,Basic,Advertisement,68.35,140.89,504.58,474.73,813.26,914.21,488.22,211.06,995.18,739.41,98.21,417.34,44.31,45.11,428.93,977.85,867.71,756.87,213.23,774.72
422,CUST1422,EMP122,ORD5422,2025-05-24,North,Delhi,Sales,Beauty,Shirt,4779.19,23275.94,98,14437.6,27.97,59903.02,92190.04,6.8,42,2.2,Other,Completed,Debit Card,Regular,Critical,Store,Bachelor,Part-time,Good,India,Zone C,Manager_2,Supplier_2,Brand D,Consumer,Medium,Cancelled,Platinum,Social Media,342.6,300.59,416.67,395.65,306.67,701.6,525.18,802.55,646.86,722.32,200.64,428.65,388.41,541.47,688.35,318.7,801.35,208.7,501.07,777.94
190,CUST1190,EMP130,ORD5190,2025-05-24,East,Mumbai,Finance,Clothing,Phone,83935.65,-1101.76,79,30229.47,4.57,37494.17,22927.37,4.4,52,2.8,Other,Completed,Net Banking,Regular,Low,Store,PhD,Contract,Poor,India,Zone B,Manager_10,Supplier_10,Brand D,Corporate,High,Cancelled,Gold,Social Media,979.45,470.76,200.87,472.46,290.41,89.02,186.41,594.16,542.17,683.98,632.71,124.16,137.79,102.41,597.06,546.01,308.39,964.03,418.6,727.58
171,CUST1171,EMP111,ORD5171,2025-05-24,North,Pune,Marketing,Furniture,Watch,13439.75,5108.94,62,13724.73,12.12,52107.6,100287.69,3.4,55,3.4,Female,Pending,UPI,Premium,High,Store,Master,Part-time,Poor,India,Zone B,Manager_11,Supplier_6,Brand E,Consumer,Medium,In Transit,Basic,Advertisement,211.04,822.42,701.86,766.71,214.76,418.94,119.16,550.91,990.73,817.87,904.46,732.24,911.77,829.07,828.86,515.3,796.15,223.73,924.81,562.58
414,CUST1414,EMP114,ORD5414,2025-05-24,North,Bhopal,Operations,Electronics,Watch,13009.56,3431.14,49,11166.92,7.95,23422.9,150206.96,19.7,42,2.5,Other,Completed,Credit Card,New,High,Mobile App,Bachelor,Contract,Poor,India,Zone D,Manager_14,Supplier_9,Brand C,Consumer,Medium,Delayed,Gold,Social Media,783.7,764.56,493.3,490.46,410.84,507.68,644.29,297.72,197.58,587.35,549.92,217.76,598.02,705.56,13.76,261.23,122.41,966.7,968.87,523.24
181,CUST1181,EMP121,ORD5181,2025-05-27,Central,Kolkata,Sales,Beauty,Skincare,15582.64,-4379.86,96,42821.01,23.19,5773.38,170098.07,4.5,45,1.3,Male,Completed,UPI,Premium,Medium,Mobile App,Bachelor,Contract,Average,India,Zone A,Manager_1,Supplier_1,Brand B,Corporate,Medium,Delivered,Gold,Advertisement,849.07,425.76,106.31,879.18,968.9,555.7,400.15,660.39,392.94,436.72,300.58,158.84,352.81,793.66,222.39,70.89,409.56,681.56,469.58,554.02
182,CUST1182,EMP122,ORD5182,2025-05-28,West,Bengaluru,Operations,Electronics,Chair,3578.3,3070.59,28,17902.76,13.82,31708.95,65781.22,2.6,57,2.4,Other,Returned,UPI,Regular,Low,Online,Bachelor,Permanent,Poor,India,Zone A,Manager_2,Supplier_2,Brand A,Small Business,Low,Delayed,Gold,Advertisement,616.48,75.32,906.74,456.89,694.61,484.74,592.85,114.29,879.71,652.11,861.45,782.44,547.04,737.92,577.13,319.91,631.69,85.64,911.57,655.25
488,CUST1488,EMP108,ORD5488,2025-05-29,West,Bhopal,Operations,Electronics,Rice,72699.91,21144.05,57,26227.67,32.31,59934.48,100133.94,6.8,22,1.2,Male,Pending,UPI,Premium,Low,Online,Master,Permanent,Good,India,Zone D,Manager_8,Supplier_8,Brand E,Small Business,High,Delivered,Silver,Referral,743.74,886.3,988.07,254.88,38.15,137.22,622.83,325.05,581.94,285.54,703.99,57.01,797.95,356.23,724.08,217.14,736.76,830.48,531.15,547.38
298,CUST1298,EMP158,ORD5298,2025-05-30,North,Bhopal,Finance,Furniture,Table,63392.94,17204.84,59,37526.42,14.95,64848.95,126216.53,17.6,49,4.4,Other,Returned,Credit Card,New,High,Store,PhD,Permanent,Poor,India,Zone C,Manager_18,Supplier_13,Brand A,Consumer,Low,In Transit,Silver,Website,616.89,158.24,675.14,412.99,51.55,408.66,908.15,78.1,967.75,741.39,750.79,140.52,282.66,824.84,35.42,328.7,220.7,551.65,408.28,778.58
421,CUST1421,EMP121,ORD5421,2025-05-31,South,Delhi,HR,Electronics,Watch,8991.46,18595.67,11,31360.21,1.73,49090.51,104099.64,12.0,45,2.3,Male,Pending,Debit Card,New,Low,Online,Diploma,Part-time,Good,India,Zone B,Manager_1,Supplier_1,Brand C,Corporate,Low,In Transit,Gold,Advertisement,956.56,417.52,863.03,992.9,240.51,427.7,699.19,127.67,927.61,838.5,905.13,471.64,432.04,880.08,902.11,971.4,357.89,701.37,662.32,999.66
186,CUST1186,EMP126,ORD5186,2025-05-31,Central,Bhopal,Operations,Beauty,Watch,48048.91,9456.02,7,5442.15,6.64,61433.9,157909.85,17.1,51,3.2,Female,Pending,Credit Card,Premium,Critical,Store,PhD,Permanent,Good,India,Zone C,Manager_6,Supplier_6,Brand D,Small Business,High,Delivered,Gold,Direct,742.73,552.22,329.73,52.18,688.87,396.54,669.5,746.9,471.94,641.37,334.0,838.4,275.38,699.14,108.15,726.24,947.25,965.73,478.22,976.24
204,CUST1204,EMP144,ORD5204,2025-06-01,South,Jaipur,Operations,Clothing,Rice,81767.31,5338.12,37,2357.93,7.91,66787.55,101136.76,7.0,53,2.7,Male,Pending,Cash,New,Critical,Store,PhD,Part-time,Average,India,Zone A,Manager_4,Supplier_9,Brand B,Small Business,High,Cancelled,Gold,Referral,473.04,81.7,330.91,109.86,351.53,252.01,670.58,546.31,937.05,181.94,83.47,423.24,423.91,494.52,275.98,605.85,330.98,293.75,422.91,355.22
216,CUST1216,EMP156,ORD5216,2025-06-02,South,Bengaluru,Marketing,Grocery,Skincare,90740.81,4359.52,48,12771.49,8.6,15752.33,90938.28,0.9,45,4.2,Female,Cancelled,Cash,Regular,Critical,Store,PhD,Part-time,Excellent,India,Zone A,Manager_16,Supplier_6,Brand C,Small Business,Medium,Delivered,Platinum,Referral,670.26,575.11,703.34,892.79,656.89,655.95,858.01,883.78,908.52,566.66,410.09,634.09,467.36,975.58,983.28,686.24,284.69,949.15,212.18,523.33
332,CUST1332,EMP112,ORD5332,2025-06-03,East,Indore,HR,Electronics,Rice,55688.41,-3485.33,65,11933.51,31.86,59439.78,134343.21,18.7,26,2.3,Other,Cancelled,Cash,New,High,Store,Diploma,Part-time,Good,India,Zone C,Manager_12,Supplier_2,Brand E,Corporate,High,Delivered,Basic,Referral,90.59,894.71,725.76,94.93,758.67,113.4,155.86,471.58,542.57,218.25,505.81,354.63,290.5,25.51,994.65,889.6,605.58,644.04,498.92,292.75
273,CUST1273,EMP133,ORD5273,2025-06-04,East,Indore,Finance,Grocery,Shoes,53093.52,24461.49,85,30123.94,33.41,18338.21,169897.64,3.1,28,2.9,Male,Pending,Debit Card,Regular,Medium,Store,Bachelor,Permanent,Poor,India,Zone D,Manager_13,Supplier_3,Brand A,Small Business,Medium,Delayed,Basic,Referral,714.12,921.4,849.14,179.35,433.38,168.1,673.52,788.98,683.76,243.77,212.93,969.12,112.93,108.44,777.89,503.03,234.32,523.04,160.91,342.11
75,CUST1075,EMP175,ORD5075,2025-06-06,North,Indore,Marketing,Clothing,Chair,709.33,2374.22,93,421.12,36.97,56246.82,138881.1,10.8,56,3.5,Other,Returned,Net Banking,Premium,Low,Store,Master,Contract,Average,India,Zone C,Manager_15,Supplier_15,Brand A,Corporate,Low,In Transit,Platinum,Social Media,175.22,64.14,6.13,682.78,283.85,835.22,769.02,77.27,319.7,510.38,281.31,526.14,851.44,305.74,140.27,178.78,789.77,751.6,547.42,52.77
250,CUST1250,EMP110,ORD5250,2025-06-07,North,Mumbai,Operations,Furniture,Skincare,47910.1,23058.91,75,37284.46,32.07,56228.39,60560.79,15.7,31,3.9,Other,Returned,Net Banking,New,High,Mobile App,Master,Contract,Poor,India,Zone C,Manager_10,Supplier_10,Brand B,Consumer,Medium,In Transit,Silver,Website,547.24,668.9,543.49,608.9,712.6,330.22,449.37,489.89,608.57,869.05,589.09,973.31,811.81,401.44,553.76,3.36,674.74,216.19,742.98,160.56
197,CUST1197,EMP137,ORD5197,2025-06-09,East,Delhi,Operations,Furniture,Table,23886.2,-229.25,84,47499.99,24.66,62066.53,68443.87,4.8,45,3.8,Female,Returned,UPI,New,High,Online,Bachelor,Contract,Average,India,Zone A,Manager_17,Supplier_2,Brand A,Small Business,Medium,In Transit,Silver,Website,185.95,890.42,173.64,423.01,110.5,708.7,147.07,552.63,158.54,523.22,828.69,444.39,159.46,530.69,624.8,598.25,458.41,645.57,535.24,397.65
118,CUST1118,EMP138,ORD5118,2025-06-09,East,Mumbai,Marketing,Beauty,Watch,39045.56,20375.49,44,41769.79,29.54,40825.74,97075.04,19.5,38,3.7,Male,Cancelled,Net Banking,Regular,Medium,Mobile App,Diploma,Part-time,Poor,India,Zone B,Manager_18,Supplier_13,Brand E,Corporate,Low,Cancelled,Gold,Advertisement,502.4,191.89,304.93,915.25,418.99,523.69,645.44,87.48,459.82,750.15,516.32,643.16,507.78,44.33,931.53,790.49,785.45,246.07,309.03,394.48
361,CUST1361,EMP141,ORD5361,2025-06-09,Central,Delhi,Operations,Beauty,Chair,93123.29,19551.09,90,21606.1,24.7,6188.94,18438.72,8.3,18,4.8,Male,Completed,Cash,New,High,Online,Bachelor,Contract,Poor,India,Zone A,Manager_1,Supplier_1,Brand D,Consumer,Medium,Delivered,Gold,Website,707.14,376.15,601.31,802.99,358.15,514.21,752.31,897.71,628.99,725.39,362.46,185.11,782.23,571.74,234.37,988.5,997.34,115.56,590.44,448.93
23,CUST1023,EMP123,ORD5023,2025-06-10,East,Mumbai,Sales,Electronics,Rice,98392.11,11826.23,32,40911.03,39.88,44278.14,83173.74,8.0,23,4.8,Other,Cancelled,UPI,New,Medium,Store,Bachelor,Contract,Average,India,Zone B,Manager_3,Supplier_8,Brand D,Corporate,Low,Delivered,Gold,Advertisement,185.6,954.89,717.72,959.93,183.46,353.55,943.5,60.37,31.4,661.15,453.28,481.59,786.96,9.73,760.97,774.81,247.21,609.5,105.09,267.56
219,CUST1219,EMP159,ORD5219,2025-06-10,North,Bengaluru,HR,Grocery,Laptop,60112.5,6617.12,56,3875.49,3.94,68426.99,132309.68,3.5,45,2.2,Male,Completed,Debit Card,Regular,Critical,Mobile App,Master,Part-time,Poor,India,Zone A,Manager_19,Supplier_9,Brand B,Corporate,Low,Delayed,Silver,Direct,272.53,28.86,182.48,120.38,414.83,779.2,984.87,464.72,930.25,606.12,222.98,496.88,431.93,303.86,638.05,100.17,49.85,684.6,13.74,731.32
266,CUST1266,EMP126,ORD5266,2025-06-10,North,Pune,Operations,Furniture,Shirt,87268.81,5675.64,55,39097.13,0.96,8363.75,94500.68,6.9,36,2.8,Female,Pending,Debit Card,Regular,High,Online,Master,Contract,Average,India,Zone A,Manager_6,Supplier_11,Brand C,Corporate,Low,Delivered,Gold,Advertisement,484.78,745.47,297.3,453.14,77.29,405.13,523.7,914.82,563.82,28.86,761.72,626.5,660.19,683.73,714.87,18.58,315.79,404.83,412.17,775.56
60,CUST1060,EMP160,ORD5060,2025-06-11,East,Kolkata,Finance,Grocery,Headphones,4962.93,23805.03,76,30054.04,23.25,46888.05,69416.99,10.5,35,2.1,Male,Completed,Credit Card,Regular,Low,Mobile App,Master,Permanent,Poor,India,Zone A,Manager_20,Supplier_15,Brand B,Corporate,Medium,Delivered,Basic,Direct,387.16,292.33,815.01,250.54,765.35,86.68,208.49,613.71,933.62,284.97,696.71,475.02,64.44,436.27,685.16,138.51,549.99,200.22,251.32,648.64
430,CUST1430,EMP130,ORD5430,2025-06-12,East,Jaipur,IT,Electronics,Chair,91151.34,8299.2,10,34720.9,12.69,58963.27,46213.38,4.2,54,2.9,Male,Pending,Credit Card,New,Critical,Store,Master,Contract,Average,India,Zone A,Manager_10,Supplier_10,Brand D,Consumer,Medium,In Transit,Platinum,Social Media,341.2,455.01,308.42,279.06,143.16,230.37,272.67,323.09,751.72,824.63,792.35,966.42,810.13,882.14,801.31,774.68,441.4,296.8,552.19,465.0
218,CUST1218,EMP158,ORD5218,2025-06-12,South,Kolkata,Sales,Furniture,Headphones,59504.94,10200.18,89,5026.99,14.55,30761.46,75005.34,18.3,56,4.2,Other,Cancelled,Debit Card,Premium,Medium,Store,Master,Part-time,Poor,India,Zone D,Manager_18,Supplier_8,Brand A,Corporate,Low,Cancelled,Silver,Direct,613.39,490.12,668.26,181.49,28.8,879.27,266.66,428.35,746.37,145.54,770.16,746.31,495.09,915.05,240.31,415.6,310.31,815.24,948.38,844.83
446,CUST1446,EMP146,ORD5446,2025-06-14,South,Indore,HR,Clothing,Shirt,22370.63,-2670.78,94,12401.34,28.58,9924.24,67268.06,4.1,34,2.9,Other,Returned,UPI,New,High,Store,Master,Contract,Poor,India,Zone D,Manager_6,Supplier_11,Brand B,Corporate,Medium,Delivered,Silver,Website,145.29,468.07,872.64,524.29,876.43,587.93,398.38,24.0,349.33,827.01,805.36,406.74,155.75,315.07,322.86,954.75,423.11,882.2,62.7,514.52
463,CUST1463,EMP163,ORD5463,2025-06-16,East,Indore,IT,Beauty,Headphones,55064.01,17218.78,38,1843.47,7.25,56828.88,60948.35,19.2,29,2.5,Female,Completed,Credit Card,Regular,Low,Online,PhD,Permanent,Excellent,India,Zone C,Manager_3,Supplier_13,Brand B,Small Business,High,Delayed,Silver,Website,750.93,435.01,567.16,66.62,825.04,607.03,656.13,907.63,201.94,621.3,815.18,578.58,989.04,909.5,534.79,172.63,556.79,324.99,639.12,81.45
38,CUST1038,EMP138,ORD5038,2025-06-16,North,Mumbai,Finance,Grocery,Skincare,47691.7,10676.19,78,20387.18,32.22,53587.05,161338.89,2.8,54,4.9,Female,Returned,Debit Card,New,Critical,Mobile App,Bachelor,Permanent,Poor,India,Zone C,Manager_18,Supplier_8,Brand C,Corporate,Medium,Delayed,Silver,Advertisement,993.37,876.86,444.38,784.51,997.7,886.73,571.35,566.2,948.24,846.7,958.29,982.49,760.96,157.16,970.85,384.02,521.93,859.57,975.33,880.62
368,CUST1368,EMP148,ORD5368,2025-06-17,East,Kolkata,HR,Clothing,Rice,94326.89,22335.05,66,45855.41,25.11,64213.72,63079.36,19.9,55,4.2,Male,Completed,UPI,Premium,Low,Store,Master,Part-time,Excellent,India,Zone A,Manager_8,Supplier_8,Brand A,Small Business,High,Delivered,Gold,Advertisement,487.81,680.06,771.55,995.52,893.21,895.83,936.15,98.95,291.65,388.44,379.65,77.98,952.59,472.92,416.49,92.98,230.18,894.09,276.22,354.7
440,CUST1440,EMP140,ORD5440,2025-06-17,West,Mumbai,Marketing,Furniture,Headphones,87825.88,13966.5,56,6365.72,12.75,47658.87,26540.6,11.7,25,4.7,Male,Cancelled,Cash,New,Medium,Mobile App,Bachelor,Part-time,Poor,India,Zone B,Manager_20,Supplier_5,Brand E,Small Business,Medium,Delivered,Basic,Referral,252.68,876.85,867.83,985.01,271.69,749.28,644.21,157.95,9.51,698.82,655.83,613.51,772.23,138.96,77.03,64.6,270.7,40.83,937.65,612.92
441,CUST1441,EMP141,ORD5441,2025-06-19,Central,Bengaluru,IT,Grocery,Skincare,4644.85,6205.61,23,8647.62,4.19,19261.01,90279.61,5.3,40,1.4,Other,Pending,UPI,Regular,High,Online,PhD,Contract,Good,India,Zone C,Manager_1,Supplier_6,Brand D,Consumer,Medium,Delayed,Gold,Advertisement,327.19,527.51,644.24,96.25,351.91,196.14,918.19,904.16,959.01,954.78,155.09,463.26,926.55,451.46,398.36,529.86,601.81,969.46,211.87,303.34
114,CUST1114,EMP134,ORD5114,2025-06-20,North,Mumbai,Sales,Electronics,Laptop,21997.11,20189.79,81,32610.63,34.38,44111.02,37560.96,1.0,45,4.5,Other,Cancelled,Net Banking,Regular,Medium,Online,PhD,Part-time,Excellent,India,Zone C,Manager_14,Supplier_9,Brand E,Corporate,Low,Delivered,Platinum,Social Media,749.12,12.66,40.02,831.13,657.39,399.86,304.2,797.57,702.7,439.12,853.76,722.23,453.02,228.86,204.69,607.06,149.09,976.86,396.07,602.45
248,CUST1248,EMP108,ORD5248,2025-06-21,North,Jaipur,Operations,Furniture,Phone,59344.97,-2873.25,13,34469.25,15.77,35222.35,106663.37,13.2,59,2.1,Female,Completed,Credit Card,Regular,Low,Online,PhD,Part-time,Excellent,India,Zone C,Manager_8,Supplier_8,Brand D,Corporate,Low,In Transit,Basic,Website,376.82,266.23,537.65,772.8,107.24,841.68,441.52,301.09,542.04,754.54,548.64,490.81,670.86,191.59,642.33,972.93,613.56,734.33,65.23,158.85
487,CUST1487,EMP107,ORD5487,2025-06-22,North,Bengaluru,Finance,Grocery,Rice,20895.63,17615.95,95,30199.29,26.5,35517.34,91536.03,15.9,37,1.6,Female,Cancelled,Net Banking,New,Low,Online,Diploma,Part-time,Poor,India,Zone C,Manager_7,Supplier_7,Brand D,Small Business,Medium,Delivered,Silver,Advertisement,230.42,10.97,7.25,122.88,52.05,423.11,684.45,71.54,950.97,862.59,980.45,385.14,9.56,476.97,371.85,316.47,623.07,503.68,722.98,87.36
469,CUST1469,EMP169,ORD5469,2025-06-22,South,Bengaluru,HR,Beauty,Watch,29468.85,5356.9,11,8536.18,2.7,62895.03,97143.88,15.3,49,2.5,Female,Pending,Cash,New,Low,Mobile App,Diploma,Permanent,Excellent,India,Zone B,Manager_9,Supplier_4,Brand E,Consumer,High,Delivered,Basic,Website,574.16,803.75,160.72,466.19,586.12,200.27,322.19,502.84,599.87,812.46,755.12,807.51,218.02,408.52,12.73,765.24,300.53,628.41,751.37,567.54
439,CUST1439,EMP139,ORD5439,2025-06-23,North,Bengaluru,HR,Grocery,Headphones,72623.22,18590.73,40,20445.02,3.65,24990.91,123701.1,15.3,44,1.0,Female,Returned,Credit Card,Regular,High,Mobile App,Diploma,Permanent,Poor,India,Zone C,Manager_19,Supplier_4,Brand A,Small Business,Low,Delayed,Silver,Direct,854.93,410.78,260.84,583.42,456.51,729.87,488.64,662.13,755.5,17.12,720.68,992.15,888.95,57.39,91.24,241.03,350.22,610.95,681.45,29.19
279,CUST1279,EMP139,ORD5279,2025-06-25,West,Jaipur,Sales,Clothing,Chair,730.6,13033.08,29,16672.28,2.72,49446.34,21894.68,6.9,47,3.3,Other,Pending,Debit Card,Regular,Critical,Mobile App,PhD,Permanent,Average,India,Zone B,Manager_19,Supplier_9,Brand C,Corporate,High,Cancelled,Silver,Direct,233.4,734.06,363.83,39.81,61.15,190.79,73.44,682.23,45.78,316.54,717.12,287.89,670.61,706.48,985.39,65.84,608.14,947.34,360.46,740.59
404,CUST1404,EMP104,ORD5404,2025-06-26,East,Kolkata,Sales,Electronics,Headphones,72105.55,7581.69,81,3188.1,16.36,67350.94,55649.46,10.8,37,4.4,Female,Cancelled,UPI,Premium,Low,Online,Diploma,Part-time,Excellent,India,Zone D,Manager_4,Supplier_14,Brand C,Small Business,High,Delivered,Gold,Direct,419.65,792.25,197.65,259.0,126.53,446.72,21.64,712.96,429.7,332.08,498.62,471.59,55.67,261.79,5.63,775.5,781.68,479.03,232.14,97.04
352,CUST1352,EMP132,ORD5352,2025-06-29,South,Mumbai,Marketing,Beauty,Shoes,78410.16,10381.79,79,22084.62,39.54,368.22,133207.93,14.3,42,1.8,Female,Completed,Cash,Premium,Critical,Store,Diploma,Part-time,Poor,India,Zone C,Manager_12,Supplier_7,Brand A,Small Business,High,Delayed,Silver,Advertisement,776.83,761.67,581.19,790.59,729.69,926.23,636.64,136.23,187.11,803.57,898.71,170.64,548.54,884.17,915.06,326.72,64.74,360.27,394.27,596.13
261,CUST1261,EMP121,ORD5261,2025-06-30,West,Mumbai,Finance,Clothing,Chair,22464.18,23049.83,78,28327.84,0.52,31359.35,75956.27,11.6,45,2.1,Male,Cancelled,UPI,Regular,High,Mobile App,Diploma,Permanent,Average,India,Zone D,Manager_1,Supplier_6,Brand D,Small Business,Low,Cancelled,Basic,Direct,987.98,51.66,841.69,286.55,816.4,791.73,305.16,819.35,942.46,748.84,188.05,115.47,82.35,851.84,456.3,597.68,149.59,287.14,170.87,554.21
462,CUST1462,EMP162,ORD5462,2025-07-01,East,Delhi,HR,Clothing,Shoes,66469.23,7888.26,64,4192.98,6.58,55453.2,66039.09,12.3,59,4.2,Other,Completed,Debit Card,New,High,Store,Diploma,Permanent,Average,India,Zone D,Manager_2,Supplier_12,Brand E,Consumer,High,Cancelled,Gold,Advertisement,911.75,958.35,457.91,402.15,924.24,774.22,40.52,459.35,88.28,521.0,268.67,731.53,207.0,888.33,707.65,260.63,431.93,13.61,556.17,468.64
164,CUST1164,EMP104,ORD5164,2025-07-03,South,Bengaluru,Finance,Grocery,Shoes,21281.98,17772.07,50,22494.06,13.49,61345.85,30552.24,2.5,41,1.8,Other,Returned,Credit Card,Regular,Low,Mobile App,Diploma,Permanent,Excellent,India,Zone C,Manager_4,Supplier_14,Brand D,Corporate,High,Delayed,Gold,Direct,189.36,34.91,816.97,314.69,592.95,985.54,43.22,463.33,264.91,730.96,143.38,27.73,607.48,692.26,937.19,562.34,165.24,782.92,245.41,470.4
426,CUST1426,EMP126,ORD5426,2025-07-05,South,Pune,IT,Electronics,Chair,54608.67,8386.04,34,43544.63,7.83,36145.79,18336.4,16.4,55,3.9,Male,Completed,Net Banking,Regular,Medium,Store,Bachelor,Part-time,Good,India,Zone D,Manager_6,Supplier_6,Brand A,Corporate,Medium,In Transit,Platinum,Website,793.23,192.34,392.75,463.55,372.47,174.84,469.65,941.43,543.01,37.23,199.86,788.21,384.19,947.81,576.31,159.58,551.16,760.46,54.04,389.74
174,CUST1174,EMP114,ORD5174,2025-07-06,Central,Delhi,Operations,Furniture,Headphones,37792.95,1614.65,38,5828.37,37.23,52481.59,101347.32,2.8,32,2.2,Female,Pending,Net Banking,Regular,Medium,Mobile App,PhD,Contract,Good,India,Zone C,Manager_14,Supplier_9,Brand C,Small Business,Medium,Cancelled,Basic,Social Media,627.44,208.53,342.94,944.17,747.77,982.55,807.5,207.89,571.98,162.92,794.44,652.32,387.78,719.16,105.88,833.23,208.89,345.21,994.06,630.52
71,CUST1071,EMP171,ORD5071,2025-07-07,Central,Bengaluru,Marketing,Furniture,Skincare,71983.71,336.64,45,30536.08,33.49,66055.83,81842.6,10.5,45,4.0,Female,Cancelled,Debit Card,Regular,Low,Store,PhD,Contract,Poor,India,Zone D,Manager_11,Supplier_11,Brand A,Consumer,High,Delayed,Basic,Website,107.16,64.77,920.89,93.72,284.7,411.9,374.26,722.65,643.74,431.77,850.73,148.68,186.77,749.59,374.11,996.6,327.18,483.69,769.32,717.73
328,CUST1328,EMP108,ORD5328,2025-07-08,North,Jaipur,IT,Electronics,Laptop,72119.25,-4799.54,54,44690.37,18.17,38229.77,80980.48,5.0,34,3.4,Female,Completed,Credit Card,New,Medium,Store,Diploma,Part-time,Good,India,Zone A,Manager_8,Supplier_13,Brand D,Small Business,High,Delayed,Basic,Website,102.83,666.43,234.93,272.25,806.21,891.05,994.0,403.67,501.02,516.86,78.95,410.9,592.68,503.4,683.43,413.54,285.2,867.44,835.25,27.24
32,CUST1032,EMP132,ORD5032,2025-07-09,Central,Bhopal,IT,Electronics,Shoes,47229.36,14773.41,93,14042.85,19.31,36686.16,117907.46,6.1,20,3.2,Male,Returned,Net Banking,Premium,Low,Mobile App,Master,Part-time,Good,India,Zone C,Manager_12,Supplier_2,Brand A,Consumer,High,Delayed,Gold,Advertisement,924.61,121.14,265.34,227.13,238.73,348.7,137.55,457.55,259.39,93.19,186.42,229.73,394.24,717.69,435.93,235.17,435.84,217.82,735.35,496.37
478,CUST1478,EMP178,ORD5478,2025-07-09,West,Bhopal,HR,Grocery,Watch,67328.41,4330.07,24,30976.73,24.19,17492.45,69150.43,17.1,42,4.5,Female,Returned,Debit Card,Premium,Critical,Mobile App,Master,Contract,Good,India,Zone A,Manager_18,Supplier_13,Brand E,Corporate,Low,Delivered,Platinum,Social Media,682.74,659.92,63.83,764.4,8.55,684.43,149.6,37.35,251.37,611.35,753.62,354.22,165.15,306.1,895.15,155.09,342.61,832.76,743.5,951.54
128,CUST1128,EMP148,ORD5128,2025-07-09,West,Kolkata,Marketing,Furniture,Skincare,58137.0,-4015.71,17,16677.06,26.95,2425.43,56165.29,18.2,21,3.5,Female,Completed,Debit Card,New,Critical,Online,Diploma,Permanent,Excellent,India,Zone D,Manager_8,Supplier_8,Brand E,Consumer,Medium,Delayed,Gold,Direct,623.51,78.68,427.69,469.01,25.98,329.06,534.66,415.79,109.6,26.28,509.77,518.65,547.12,779.92,708.2,926.13,201.82,640.69,706.97,726.2
296,CUST1296,EMP156,ORD5296,2025-07-09,Central,Mumbai,IT,Furniture,Table,30960.67,13164.48,69,48116.85,33.49,39374.28,65858.37,14.9,50,4.2,Female,Returned,Cash,Premium,Critical,Mobile App,PhD,Part-time,Good,India,Zone B,Manager_16,Supplier_11,Brand D,Consumer,High,Delayed,Silver,Social Media,351.83,456.98,148.3,977.15,926.01,268.9,134.0,589.06,689.28,605.95,740.52,879.99,550.34,967.06,421.97,76.22,598.05,531.07,172.53,465.52
393,CUST1393,EMP173,ORD5393,2025-07-09,West,Jaipur,Sales,Clothing,Shoes,38819.45,20794.72,56,583.38,24.74,7987.74,89992.09,16.9,19,2.2,Female,Cancelled,Cash,Premium,Medium,Store,Master,Part-time,Average,India,Zone A,Manager_13,Supplier_3,Brand D,Small Business,Low,Cancelled,Gold,Advertisement,273.99,824.95,633.79,127.2,653.57,557.7,76.09,111.97,591.06,967.25,59.67,458.63,654.58,818.24,551.4,771.38,717.27,178.29,799.68,103.67
480,CUST1480,EMP180,ORD5480,2025-07-10,Central,Bengaluru,Marketing,Clothing,Watch,99025.78,2311.88,44,25085.48,34.54,19646.58,53617.64,1.6,43,3.6,Male,Returned,UPI,Premium,Critical,Store,PhD,Contract,Average,India,Zone A,Manager_20,Supplier_15,Brand A,Small Business,Medium,Delivered,Gold,Referral,663.46,167.37,231.14,292.18,87.43,92.86,291.3,854.42,616.84,7.7,878.62,941.29,223.91,497.99,126.53,690.23,272.25,175.94,831.55,983.76
264,CUST1264,EMP124,ORD5264,2025-07-10,North,Mumbai,Operations,Clothing,Chair,92961.11,13165.14,96,28865.97,14.06,28843.16,36688.77,12.7,50,2.4,Male,Pending,Cash,Regular,Medium,Mobile App,Bachelor,Contract,Good,India,Zone D,Manager_4,Supplier_9,Brand A,Consumer,High,Delayed,Gold,Advertisement,38.0,294.35,757.48,373.26,319.38,185.57,326.76,305.11,575.37,618.15,425.53,682.45,276.38,966.01,522.24,695.89,870.66,367.13,49.28,81.39
390,CUST1390,EMP170,ORD5390,2025-07-11,West,Bengaluru,HR,Beauty,Rice,99946.89,5008.2,80,46353.13,26.09,33672.57,158328.78,12.5,42,2.6,Other,Pending,Debit Card,New,Critical,Store,Bachelor,Contract,Poor,India,Zone D,Manager_10,Supplier_15,Brand D,Consumer,High,Delivered,Platinum,Direct,344.5,696.26,536.43,965.9,84.11,940.35,228.32,568.73,385.86,828.11,62.07,265.98,170.73,427.28,997.15,486.21,654.86,3.17,819.29,465.34
244,CUST1244,EMP104,ORD5244,2025-07-11,West,Delhi,Finance,Electronics,Laptop,89498.03,13750.88,35,10991.17,27.14,33851.3,171150.21,2.8,36,4.2,Female,Pending,Cash,Regular,Critical,Store,Bachelor,Part-time,Good,India,Zone A,Manager_4,Supplier_4,Brand E,Small Business,Low,Delayed,Basic,Website,13.66,735.98,179.53,361.48,880.58,678.07,247.47,395.29,302.19,565.23,831.55,61.41,713.89,839.17,296.52,448.74,458.8,138.6,562.52,489.45
21,CUST1021,EMP121,ORD5021,2025-07-11,North,Jaipur,Finance,Electronics,Table,27521.09,409.24,79,45174.57,28.06,67568.15,93533.03,18.9,49,2.4,Male,Pending,Net Banking,Premium,Low,Online,Bachelor,Contract,Good,India,Zone A,Manager_1,Supplier_6,Brand C,Corporate,High,Cancelled,Platinum,Advertisement,162.63,562.28,338.48,520.62,980.32,858.65,337.76,724.71,25.55,259.92,40.15,33.2,129.89,765.61,708.98,444.06,737.61,845.39,717.28,359.26
443,CUST1443,EMP143,ORD5443,2025-07-13,North,Mumbai,Finance,Clothing,Table,76349.75,1953.51,64,29283.45,22.95,51816.76,66268.7,2.4,46,2.9,Male,Completed,Debit Card,New,Medium,Store,Master,Permanent,Good,India,Zone A,Manager_3,Supplier_8,Brand C,Consumer,High,Delayed,Gold,Advertisement,211.57,207.89,724.63,869.46,428.13,861.83,765.19,291.4,983.02,993.91,393.18,996.56,627.76,782.73,844.06,796.04,856.69,380.77,149.01,896.08
225,CUST1225,EMP165,ORD5225,2025-07-14,West,Delhi,Sales,Beauty,Watch,6245.23,13477.36,2,39196.65,23.71,49652.05,30832.53,4.7,42,3.6,Male,Cancelled,Debit Card,Regular,High,Mobile App,Bachelor,Part-time,Good,India,Zone B,Manager_5,Supplier_15,Brand C,Consumer,High,In Transit,Basic,Social Media,607.97,810.67,4.28,449.69,60.55,408.99,273.7,96.08,640.89,76.1,698.9,174.06,882.89,481.13,50.97,132.55,178.02,351.14,615.27,158.31
380,CUST1380,EMP160,ORD5380,2025-07-15,South,Delhi,Marketing,Clothing,Shoes,25796.02,18603.09,40,16847.6,7.79,38167.22,59145.53,20.0,24,1.2,Other,Pending,Net Banking,Regular,Critical,Mobile App,PhD,Part-time,Average,India,Zone A,Manager_20,Supplier_5,Brand B,Small Business,Medium,Delivered,Basic,Advertisement,988.39,791.57,549.28,628.86,217.25,629.57,697.63,199.82,813.05,969.24,243.5,392.13,371.9,736.39,802.53,497.25,518.4,615.82,329.9,265.7
308,CUST1308,EMP168,ORD5308,2025-07-15,Central,Delhi,Marketing,Beauty,Watch,48086.86,15873.92,25,11082.42,35.34,65313.67,101246.38,14.8,32,1.7,Male,Completed,Net Banking,Regular,Low,Store,Diploma,Part-time,Poor,India,Zone A,Manager_8,Supplier_8,Brand D,Consumer,High,Delivered,Basic,Website,75.27,560.27,426.9,464.54,701.5,613.49,865.84,401.75,860.02,314.17,30.73,900.41,368.07,926.06,206.16,539.3,239.84,842.02,302.17,544.78
169,CUST1169,EMP109,ORD5169,2025-07-17,North,Indore,HR,Clothing,Shoes,15132.65,3143.16,62,45247.84,39.01,17028.01,39231.5,0.4,54,3.1,Male,Returned,Debit Card,Premium,Critical,Mobile App,Diploma,Contract,Good,India,Zone C,Manager_9,Supplier_4,Brand C,Consumer,Low,Cancelled,Silver,Website,625.59,915.08,169.66,133.23,800.62,42.47,469.89,398.26,247.88,542.95,642.82,368.9,467.78,700.39,766.41,490.09,507.21,224.73,791.28,625.64
94,CUST1094,EMP114,ORD5094,2025-07-20,North,Mumbai,Finance,Furniture,Shoes,88859.89,6589.7,2,6257.7,32.49,33456.29,179272.78,6.6,40,3.5,Other,Pending,UPI,Regular,Critical,Store,Bachelor,Contract,Good,India,Zone D,Manager_14,Supplier_4,Brand C,Small Business,High,Delivered,Gold,Direct,428.75,665.4,980.54,551.75,388.37,885.28,257.86,765.85,472.66,592.11,438.41,505.54,342.08,548.22,726.18,804.29,961.21,645.67,947.09,884.72
172,CUST1172,EMP112,ORD5172,2025-07-20,North,Bhopal,Operations,Beauty,Shoes,83630.28,24986.32,38,8941.91,38.66,49798.97,139553.59,8.6,51,2.7,Female,Completed,Cash,Regular,High,Online,Diploma,Permanent,Good,India,Zone A,Manager_12,Supplier_7,Brand B,Consumer,Low,Delayed,Basic,Direct,74.33,216.49,227.19,295.38,186.91,779.34,244.94,110.74,756.78,374.34,568.6,321.02,825.44,761.01,923.85,86.48,84.21,452.17,329.65,133.26
61,CUST1061,EMP161,ORD5061,2025-07-21,North,Bengaluru,Operations,Grocery,Shirt,45334.4,17907.37,57,2770.37,10.15,16266.47,53691.69,11.7,54,3.2,Other,Returned,Debit Card,Premium,Low,Online,PhD,Permanent,Excellent,India,Zone B,Manager_1,Supplier_1,Brand E,Consumer,Low,Cancelled,Gold,Referral,622.59,330.31,323.19,333.84,895.67,862.25,162.85,69.51,511.52,377.99,937.34,388.46,733.83,433.34,704.26,340.89,869.0,52.03,909.68,964.86
163,CUST1163,EMP103,ORD5163,2025-07-22,South,Indore,Marketing,Electronics,Watch,10380.57,7478.32,2,17137.12,30.82,51326.86,146896.96,3.3,23,4.1,Other,Returned,Credit Card,Premium,High,Mobile App,PhD,Contract,Average,India,Zone A,Manager_3,Supplier_13,Brand E,Corporate,Low,Delayed,Platinum,Referral,875.33,344.89,625.4,780.72,632.4,335.29,522.99,575.58,176.07,981.77,236.66,787.6,845.96,702.11,644.48,193.04,493.33,609.41,19.53,609.62
491,CUST1491,EMP111,ORD5491,2025-07-22,North,Mumbai,Sales,Clothing,Shirt,84795.85,17607.84,56,24662.39,0.76,9665.48,157029.5,1.1,46,3.3,Female,Returned,Debit Card,Regular,Critical,Online,Diploma,Permanent,Good,India,Zone C,Manager_11,Supplier_11,Brand B,Consumer,Medium,Delivered,Basic,Social Media,268.8,847.79,470.43,838.15,789.14,205.09,195.78,221.27,453.84,355.83,763.42,20.98,589.44,480.53,712.91,62.22,709.26,711.24,528.66,445.75
341,CUST1341,EMP121,ORD5341,2025-07-23,East,Delhi,Marketing,Furniture,Rice,91720.77,17182.25,47,10838.7,3.65,16891.34,44022.65,1.0,30,4.8,Male,Returned,Cash,New,Critical,Online,Diploma,Contract,Excellent,India,Zone A,Manager_1,Supplier_11,Brand E,Small Business,Low,In Transit,Silver,Website,535.07,54.41,293.48,234.54,827.15,537.21,757.85,384.16,235.9,473.35,334.83,415.56,463.4,133.67,463.24,579.13,333.32,742.63,537.96,195.71
52,CUST1052,EMP152,ORD5052,2025-07-25,North,Bhopal,Sales,Beauty,Watch,81759.88,24011.58,18,49427.23,39.66,61004.94,45500.99,6.7,31,1.6,Female,Cancelled,Debit Card,Premium,Critical,Mobile App,PhD,Permanent,Average,India,Zone B,Manager_12,Supplier_7,Brand C,Corporate,Medium,Cancelled,Platinum,Direct,548.12,295.94,60.77,657.78,769.23,985.44,384.86,828.13,667.55,224.48,827.28,464.72,539.09,374.0,411.92,852.5,163.71,979.67,926.41,260.79
106,CUST1106,EMP126,ORD5106,2025-07-26,South,Kolkata,HR,Beauty,Chair,82091.26,-554.66,8,45756.8,3.51,42879.4,19421.91,8.6,52,2.9,Female,Cancelled,Credit Card,Premium,Low,Mobile App,PhD,Contract,Good,India,Zone C,Manager_6,Supplier_1,Brand D,Small Business,Low,In Transit,Gold,Social Media,174.55,425.31,414.28,257.34,965.39,956.26,192.75,463.82,993.37,719.69,707.55,932.62,329.83,232.59,419.5,220.25,599.07,969.0,124.2,123.25
201,CUST1201,EMP141,ORD5201,2025-07-27,South,Indore,Sales,Clothing,Shoes,58506.95,-1339.09,28,29221.89,16.6,37472.8,123434.98,5.4,25,3.9,Male,Returned,UPI,New,Low,Mobile App,PhD,Contract,Excellent,India,Zone B,Manager_1,Supplier_6,Brand A,Consumer,Medium,Delivered,Silver,Direct,820.06,278.71,436.45,133.56,542.04,697.8,8.49,352.77,998.17,47.61,902.12,368.91,519.84,403.89,380.11,370.83,701.87,631.58,73.65,861.48
490,CUST1490,EMP110,ORD5490,2025-08-01,Central,Mumbai,IT,Grocery,Rice,89659.47,7355.94,53,23600.41,32.64,56377.67,169040.4,6.8,26,1.2,Other,Cancelled,Debit Card,New,Medium,Online,PhD,Contract,Poor,India,Zone B,Manager_10,Supplier_10,Brand D,Small Business,High,Delayed,Silver,Social Media,411.23,38.97,365.41,618.6,63.08,76.91,844.79,264.93,430.39,449.09,65.78,903.21,986.1,921.87,570.57,130.46,944.4,547.67,94.32,860.21
9,CUST1009,EMP109,ORD5009,2025-08-03,West,Indore,Finance,Clothing,Phone,16900.06,1907.53,49,26185.73,15.12,65225.69,63578.8,5.1,47,3.4,Other,Pending,Credit Card,New,High,Mobile App,Diploma,Part-time,Excellent,India,Zone B,Manager_9,Supplier_9,Brand E,Corporate,Medium,Cancelled,Silver,Website,230.94,434.42,213.46,220.13,47.81,538.34,907.29,686.42,928.13,257.8,162.86,178.69,940.96,85.17,68.0,538.67,354.8,808.4,696.67,201.26
431,CUST1431,EMP131,ORD5431,2025-08-03,South,Jaipur,IT,Beauty,Shoes,83907.4,11601.41,32,27682.84,36.48,43027.91,106594.75,6.5,39,1.7,Female,Completed,Credit Card,Premium,Critical,Online,Master,Contract,Excellent,India,Zone A,Manager_11,Supplier_11,Brand B,Consumer,High,Delivered,Silver,Advertisement,661.92,149.64,679.41,161.16,945.08,579.41,3.38,365.64,746.97,744.97,256.7,341.41,767.61,563.67,786.36,859.04,62.98,997.07,585.76,295.61
455,CUST1455,EMP155,ORD5455,2025-08-05,West,Delhi,Marketing,Furniture,Table,33543.89,-4602.47,96,39546.97,12.64,18629.18,61020.33,19.3,43,3.7,Other,Returned,Debit Card,Premium,Medium,Mobile App,PhD,Permanent,Good,India,Zone D,Manager_15,Supplier_5,Brand B,Consumer,High,Delayed,Basic,Direct,355.45,178.71,845.98,257.11,769.6,414.69,451.27,925.33,254.36,297.09,992.86,298.49,320.0,792.98,63.8,545.78,511.79,896.69,773.52,115.85
70,CUST1070,EMP170,ORD5070,2025-08-05,Central,Indore,Operations,Grocery,Shirt,30024.4,19242.38,77,47238.82,36.11,16570.04,19709.28,2.5,47,3.5,Other,Pending,Debit Card,New,Low,Online,Diploma,Part-time,Excellent,India,Zone C,Manager_10,Supplier_10,Brand C,Small Business,Low,In Transit,Gold,Referral,532.16,219.75,93.26,616.71,258.51,13.6,990.47,614.06,892.43,39.32,954.14,700.03,723.83,881.89,123.19,645.69,849.71,857.93,141.08,87.35
398,CUST1398,EMP178,ORD5398,2025-08-05,West,Bengaluru,Marketing,Electronics,Headphones,77192.67,14138.63,88,15753.95,39.76,7518.18,88021.43,13.4,44,3.1,Male,Completed,Credit Card,New,Critical,Store,Diploma,Contract,Poor,India,Zone D,Manager_18,Supplier_8,Brand A,Corporate,High,In Transit,Platinum,Referral,614.48,287.35,305.76,805.76,226.55,254.79,993.39,113.46,628.68,681.78,584.04,879.25,363.38,620.23,824.93,196.03,323.55,450.89,552.41,11.24
342,CUST1342,EMP122,ORD5342,2025-08-06,West,Bhopal,Finance,Furniture,Rice,72205.19,1440.04,81,44229.32,11.44,31119.62,46029.87,9.4,18,4.4,Other,Completed,UPI,Regular,Medium,Online,PhD,Part-time,Good,India,Zone D,Manager_2,Supplier_12,Brand E,Consumer,Low,In Transit,Basic,Website,797.49,656.66,211.47,192.75,817.13,439.82,641.2,909.48,51.64,681.91,565.63,117.76,831.05,771.82,146.87,983.49,440.13,505.83,247.56,367.91
102,CUST1102,EMP122,ORD5102,2025-08-06,South,Mumbai,Finance,Furniture,Shirt,74227.63,20194.48,79,10853.49,3.24,64561.22,177700.19,9.9,54,2.0,Male,Pending,Credit Card,Premium,Critical,Online,PhD,Permanent,Excellent,India,Zone D,Manager_2,Supplier_12,Brand E,Consumer,Medium,Delayed,Gold,Website,210.68,792.84,959.01,46.35,265.47,394.17,867.35,465.17,207.89,872.57,291.48,669.75,208.05,821.92,12.1,681.15,341.99,606.68,196.41,600.35
249,CUST1249,EMP109,ORD5249,2025-08-08,East,Bengaluru,Sales,Clothing,Laptop,80755.64,4385.89,35,44897.4,24.13,1105.25,162251.43,14.5,42,2.9,Male,Cancelled,Credit Card,New,Medium,Online,Master,Permanent,Good,India,Zone C,Manager_9,Supplier_9,Brand D,Small Business,Medium,Delayed,Platinum,Direct,628.18,603.29,593.11,249.68,92.58,789.0,529.19,109.62,601.67,145.65,634.04,448.09,731.74,943.38,455.37,75.59,945.74,538.1,77.95,341.67
154,CUST1154,EMP174,ORD5154,2025-08-08,South,Bhopal,Marketing,Electronics,Chair,58232.04,1107.35,94,27096.04,6.16,39996.23,77835.37,10.3,34,2.8,Female,Completed,UPI,Regular,Low,Online,Bachelor,Part-time,Average,India,Zone A,Manager_14,Supplier_4,Brand A,Consumer,Medium,Delivered,Platinum,Social Media,331.39,724.79,609.98,226.77,964.15,985.03,29.04,514.98,73.99,523.91,546.09,661.48,202.67,749.62,66.57,368.26,293.41,680.62,636.44,607.48
470,CUST1470,EMP170,ORD5470,2025-08-08,North,Delhi,Sales,Furniture,Rice,21105.94,7426.03,92,17655.07,33.26,40829.76,102919.8,16.0,23,4.0,Female,Completed,Net Banking,Regular,High,Store,Master,Permanent,Poor,India,Zone D,Manager_10,Supplier_5,Brand A,Corporate,High,Delayed,Silver,Website,500.76,552.98,733.2,654.58,298.14,579.22,13.4,314.09,526.5,743.78,221.0,481.46,961.47,629.81,901.64,730.85,295.13,761.63,83.64,922.48
336,CUST1336,EMP116,ORD5336,2025-08-08,South,Jaipur,Finance,Beauty,Shirt,23848.02,11259.7,65,21745.15,2.36,24064.44,101260.78,3.0,38,3.2,Other,Returned,Net Banking,New,Critical,Store,Bachelor,Contract,Poor,India,Zone D,Manager_16,Supplier_6,Brand A,Consumer,Medium,Delayed,Platinum,Advertisement,209.42,175.62,580.76,730.08,425.36,105.58,799.23,95.66,690.51,794.66,819.88,126.62,119.89,168.61,953.28,970.99,808.01,403.31,185.15,103.28
353,CUST1353,EMP133,ORD5353,2025-08-11,Central,Pune,Operations,Clothing,Watch,71646.35,8151.55,12,6706.99,1.66,35190.37,19101.04,8.6,42,1.6,Female,Cancelled,UPI,Premium,Low,Mobile App,Master,Permanent,Good,India,Zone A,Manager_13,Supplier_8,Brand D,Corporate,Medium,Delivered,Basic,Website,371.42,545.7,958.7,490.11,209.43,353.15,297.96,181.08,782.19,215.45,177.22,311.38,787.83,787.71,882.05,371.54,113.23,235.45,698.95,978.16
428,CUST1428,EMP128,ORD5428,2025-08-11,South,Bhopal,Finance,Grocery,Phone,68960.42,-4761.07,50,36403.71,5.22,12571.29,101961.31,2.5,20,2.3,Female,Completed,Debit Card,Regular,Critical,Store,Bachelor,Part-time,Average,India,Zone A,Manager_8,Supplier_8,Brand E,Small Business,Medium,Cancelled,Basic,Direct,659.73,854.0,832.86,128.14,324.58,224.17,705.91,576.46,1.43,906.27,732.37,860.79,612.99,941.54,845.96,990.72,981.24,38.09,191.04,416.87
155,CUST1155,EMP175,ORD5155,2025-08-13,West,Bengaluru,Operations,Clothing,Skincare,56189.0,-4697.28,76,49243.8,39.08,33561.47,125526.32,2.1,49,3.2,Male,Cancelled,Credit Card,New,Medium,Mobile App,PhD,Part-time,Excellent,India,Zone A,Manager_15,Supplier_5,Brand E,Corporate,Medium,Delivered,Silver,Website,977.24,59.53,560.47,455.88,324.55,889.29,617.74,321.83,203.29,607.99,957.81,898.81,667.53,757.54,188.74,724.36,639.66,339.65,351.82,213.37
138,CUST1138,EMP158,ORD5138,2025-08-13,North,Kolkata,IT,Electronics,Laptop,16980.02,18217.19,62,25365.88,11.92,28808.58,56720.35,17.6,25,3.0,Female,Cancelled,Net Banking,New,Medium,Mobile App,Master,Permanent,Average,India,Zone B,Manager_18,Supplier_3,Brand D,Small Business,Medium,Delayed,Platinum,Direct,277.76,486.43,927.64,347.03,653.43,307.75,870.33,491.14,757.58,159.79,572.75,411.65,147.73,881.96,148.55,596.95,43.55,561.39,537.91,560.6
129,CUST1129,EMP149,ORD5129,2025-08-13,Central,Bhopal,Marketing,Clothing,Rice,76055.43,14081.27,16,14759.42,30.7,8619.98,68269.75,18.6,45,4.9,Male,Pending,Debit Card,Regular,High,Online,Bachelor,Permanent,Average,India,Zone B,Manager_9,Supplier_9,Brand A,Corporate,Medium,Delivered,Gold,Referral,357.72,426.15,641.12,873.82,152.81,598.19,20.19,299.99,895.45,450.62,523.16,779.1,881.65,963.16,330.33,571.71,752.05,62.67,578.47,488.78
238,CUST1238,EMP178,ORD5238,2025-08-14,North,Jaipur,HR,Clothing,Phone,56489.81,16432.32,91,39124.33,12.6,8394.38,177843.39,1.9,40,3.1,Female,Cancelled,Debit Card,New,Critical,Mobile App,PhD,Part-time,Excellent,India,Zone A,Manager_18,Supplier_13,Brand D,Consumer,High,Delayed,Silver,Referral,429.55,394.6,262.81,449.48,639.39,218.44,704.78,26.03,975.83,30.48,505.77,302.4,733.74,335.92,522.79,297.15,77.89,620.3,703.03,82.38
493,CUST1493,EMP113,ORD5493,2025-08-15,East,Bhopal,Operations,Furniture,Rice,27985.61,4826.56,9,32639.44,8.34,62548.99,88754.77,11.8,39,4.0,Other,Returned,UPI,Regular,Critical,Mobile App,Master,Part-time,Average,India,Zone A,Manager_13,Supplier_13,Brand B,Small Business,Medium,Delivered,Gold,Advertisement,71.71,596.23,344.87,376.99,29.04,808.93,250.57,130.62,895.93,966.43,671.77,931.16,50.65,438.84,271.52,432.0,426.46,935.57,972.62,652.87
211,CUST1211,EMP151,ORD5211,2025-08-15,West,Bengaluru,Marketing,Electronics,Rice,46413.83,-1433.77,79,35014.53,6.5,9677.76,150928.23,18.0,43,1.6,Male,Cancelled,UPI,New,Critical,Mobile App,Diploma,Part-time,Average,India,Zone C,Manager_11,Supplier_1,Brand C,Small Business,Medium,Cancelled,Basic,Referral,973.94,201.7,551.83,602.15,356.25,888.74,609.52,731.08,376.99,903.31,800.41,989.72,608.41,486.61,979.72,809.44,555.72,693.68,797.46,571.03
492,CUST1492,EMP112,ORD5492,2025-08-17,North,Pune,HR,Electronics,Laptop,31857.13,1110.01,98,9830.95,29.44,4973.39,45637.38,11.1,33,2.5,Male,Pending,Debit Card,Regular,Critical,Mobile App,Bachelor,Permanent,Average,India,Zone A,Manager_12,Supplier_12,Brand E,Consumer,High,Cancelled,Gold,Advertisement,998.7,863.87,266.55,515.74,529.56,715.48,932.28,195.83,879.33,682.23,774.72,474.65,55.38,13.98,777.58,87.64,421.8,860.6,291.28,695.51
233,CUST1233,EMP173,ORD5233,2025-08-18,North,Bengaluru,Operations,Beauty,Chair,75584.81,7887.88,20,28106.66,20.95,22907.12,109033.51,10.4,37,1.2,Female,Returned,Net Banking,Premium,Critical,Online,Bachelor,Permanent,Good,India,Zone C,Manager_13,Supplier_8,Brand B,Consumer,Medium,In Transit,Platinum,Referral,648.5,411.04,726.74,612.85,636.35,334.26,999.46,939.2,104.01,976.59,669.89,854.67,373.62,490.2,189.24,951.55,601.13,837.82,686.89,983.97
437,CUST1437,EMP137,ORD5437,2025-08-18,East,Delhi,Operations,Furniture,Laptop,90653.56,1481.8,40,36721.88,36.32,59613.26,168603.24,1.7,59,3.1,Male,Returned,Credit Card,New,Low,Online,Master,Part-time,Average,India,Zone D,Manager_17,Supplier_2,Brand E,Small Business,High,Delivered,Platinum,Social Media,194.05,516.65,501.7,146.38,363.88,399.4,622.2,444.16,123.76,375.96,114.65,842.28,266.47,685.68,997.24,306.0,530.22,224.3,557.5,529.46
127,CUST1127,EMP147,ORD5127,2025-08-19,West,Mumbai,Operations,Furniture,Watch,45287.27,12814.07,58,14696.57,31.21,32435.29,23257.07,9.9,22,1.7,Other,Pending,UPI,Regular,High,Store,PhD,Part-time,Excellent,India,Zone B,Manager_7,Supplier_7,Brand E,Consumer,Low,Cancelled,Gold,Referral,206.84,89.25,827.68,304.18,134.87,327.1,414.85,596.33,390.56,813.75,587.77,361.25,662.25,731.13,25.44,219.07,45.26,749.5,241.37,817.45
90,CUST1090,EMP110,ORD5090,2025-08-19,East,Bengaluru,IT,Furniture,Rice,75110.15,8330.96,95,11414.39,35.78,44559.71,78425.97,12.4,32,4.5,Other,Returned,UPI,New,Critical,Mobile App,Bachelor,Contract,Average,India,Zone D,Manager_10,Supplier_15,Brand C,Small Business,High,Cancelled,Platinum,Advertisement,242.33,186.81,947.65,164.22,651.97,49.77,562.67,364.37,472.26,612.05,889.07,920.74,471.91,733.31,64.99,631.5,346.64,64.51,788.96,826.68
113,CUST1113,EMP133,ORD5113,2025-08-19,West,Pune,IT,Clothing,Table,80898.25,4790.15,58,28466.4,19.56,48693.6,118632.18,12.4,31,2.1,Male,Pending,Debit Card,New,High,Mobile App,PhD,Permanent,Poor,India,Zone C,Manager_13,Supplier_8,Brand A,Small Business,Low,Delayed,Basic,Direct,60.45,591.67,3.51,861.36,348.1,347.74,881.19,130.44,505.34,631.93,317.09,554.84,886.93,902.45,677.14,741.24,385.42,124.9,818.24,79.99
498,CUST1498,EMP118,ORD5498,2025-08-21,East,Bhopal,Sales,Beauty,Laptop,64460.48,15898.82,18,3144.26,5.51,60388.02,179708.39,12.1,54,1.3,Female,Returned,Credit Card,Regular,Low,Online,Diploma,Contract,Excellent,India,Zone A,Manager_18,Supplier_3,Brand D,Small Business,Medium,Delayed,Silver,Social Media,654.93,552.75,121.56,848.74,554.58,257.57,747.89,933.01,322.36,952.77,243.82,168.6,489.59,465.09,568.36,530.64,223.69,709.74,900.88,586.28
142,CUST1142,EMP162,ORD5142,2025-08-21,North,Indore,HR,Electronics,Skincare,94691.12,8898.81,61,22835.4,33.3,47180.91,138020.82,12.3,23,2.1,Male,Pending,UPI,Regular,Critical,Online,PhD,Contract,Good,India,Zone B,Manager_2,Supplier_7,Brand E,Corporate,Low,Delivered,Basic,Advertisement,749.53,613.12,42.27,802.93,223.5,257.01,471.77,348.87,841.03,946.79,513.29,921.29,131.26,361.81,483.65,931.58,744.08,409.38,575.77,440.28
199,CUST1199,EMP139,ORD5199,2025-08-21,Central,Bhopal,Finance,Electronics,Phone,54710.35,-2052.95,76,36720.77,15.88,60418.28,99445.53,9.5,25,3.0,Male,Pending,Net Banking,Premium,High,Mobile App,PhD,Permanent,Good,India,Zone D,Manager_19,Supplier_4,Brand A,Small Business,High,Cancelled,Gold,Referral,722.76,34.98,525.63,888.59,602.73,841.31,744.24,735.7,229.93,525.89,630.69,361.62,85.21,207.73,383.72,78.39,830.75,500.67,15.59,915.33
407,CUST1407,EMP107,ORD5407,2025-08-21,Central,Indore,IT,Clothing,Shirt,73184.39,12965.36,8,37597.5,29.24,47679.0,143990.23,18.8,54,3.8,Male,Pending,Credit Card,Premium,Critical,Online,Diploma,Permanent,Average,India,Zone D,Manager_7,Supplier_2,Brand D,Small Business,Low,Delivered,Gold,Direct,970.06,512.68,566.39,121.3,79.83,522.1,586.11,192.29,594.5,817.45,401.45,229.87,160.27,106.14,996.15,805.58,984.9,209.63,344.9,944.47
139,CUST1139,EMP159,ORD5139,2025-08-22,East,Pune,Finance,Grocery,Shirt,64751.18,5578.08,42,17585.62,11.11,57251.87,119877.41,3.9,34,2.8,Female,Returned,Debit Card,Regular,Medium,Mobile App,Bachelor,Part-time,Good,India,Zone D,Manager_19,Supplier_4,Brand C,Small Business,Medium,In Transit,Basic,Direct,329.82,134.46,407.33,538.25,384.41,126.43,775.86,306.84,525.63,383.04,91.33,107.82,809.65,852.07,4.37,10.74,765.8,482.08,218.0,355.43
432,CUST1432,EMP132,ORD5432,2025-08-23,East,Delhi,Finance,Furniture,Rice,71083.61,2646.47,52,10890.9,2.44,22875.14,133742.47,16.4,25,2.9,Male,Returned,Net Banking,Regular,Low,Online,Bachelor,Part-time,Excellent,India,Zone B,Manager_12,Supplier_12,Brand B,Corporate,Medium,Delayed,Basic,Direct,467.0,449.73,565.44,426.28,986.81,798.17,719.83,45.48,345.02,633.43,444.34,990.4,505.16,646.94,191.05,700.98,873.34,954.19,302.46,774.86
326,CUST1326,EMP106,ORD5326,2025-08-25,North,Pune,Marketing,Grocery,Chair,76081.34,1392.55,59,19971.57,13.22,6186.28,167984.03,1.6,49,4.2,Female,Cancelled,Net Banking,Regular,Low,Mobile App,Bachelor,Part-time,Average,India,Zone D,Manager_6,Supplier_11,Brand E,Corporate,Medium,Delivered,Platinum,Social Media,333.71,923.18,975.1,163.64,509.78,868.87,438.66,339.65,452.31,833.05,776.13,333.6,147.72,916.41,914.69,711.21,836.56,260.44,305.11,229.82
109,CUST1109,EMP129,ORD5109,2025-08-29,South,Mumbai,IT,Beauty,Shirt,45160.88,7941.42,45,34811.67,18.55,5057.03,24058.31,4.2,28,1.1,Other,Cancelled,Credit Card,New,Medium,Store,Bachelor,Contract,Excellent,India,Zone C,Manager_9,Supplier_4,Brand A,Corporate,Low,Delivered,Gold,Direct,576.92,842.21,866.87,243.37,275.92,941.91,832.06,989.72,696.38,787.12,297.67,596.1,269.84,331.78,896.44,685.34,319.84,770.12,713.17,977.01
43,CUST1043,EMP143,ORD5043,2025-08-30,Central,Bengaluru,HR,Beauty,Watch,83415.05,1418.71,41,18621.36,0.99,55179.11,109471.66,17.4,31,1.7,Other,Completed,UPI,Regular,High,Store,Master,Part-time,Average,India,Zone C,Manager_3,Supplier_13,Brand E,Corporate,High,In Transit,Platinum,Direct,846.35,149.67,706.69,832.84,707.27,371.57,715.64,477.07,810.3,988.52,471.22,527.53,755.24,185.14,901.67,241.83,996.49,622.82,970.62,32.3
119,CUST1119,EMP139,ORD5119,2025-08-31,North,Pune,HR,Clothing,Chair,85258.2,7028.25,29,46375.02,26.66,69683.64,149716.17,4.4,27,1.8,Female,Returned,Cash,Regular,High,Store,Master,Part-time,Poor,India,Zone D,Manager_19,Supplier_14,Brand A,Corporate,Low,Delayed,Basic,Referral,338.68,653.27,360.07,404.26,814.8,982.45,947.52,655.85,210.19,631.17,444.83,394.24,625.87,221.07,554.89,214.31,112.5,582.01,844.08,159.49
33,CUST1033,EMP133,ORD5033,2025-09-01,East,Bengaluru,HR,Electronics,Headphones,45321.3,-1733.2,86,6669.51,31.1,64513.79,157449.43,1.1,37,4.0,Female,Returned,UPI,Regular,Critical,Online,Diploma,Contract,Excellent,India,Zone C,Manager_13,Supplier_3,Brand D,Consumer,Medium,Delayed,Silver,Referral,826.26,6.09,310.02,888.31,917.63,400.15,998.27,340.76,546.25,937.79,120.19,107.32,306.67,143.16,985.4,430.74,536.62,676.66,271.78,300.45
278,CUST1278,EMP138,ORD5278,2025-09-03,South,Mumbai,IT,Electronics,Rice,9436.31,18558.06,61,31000.03,20.14,8196.03,145688.55,9.0,46,1.1,Female,Cancelled,Credit Card,Premium,High,Mobile App,Diploma,Contract,Excellent,India,Zone A,Manager_18,Supplier_8,Brand B,Small Business,Medium,Delayed,Platinum,Direct,593.27,591.53,837.56,490.48,420.06,829.4,979.15,177.24,559.4,717.54,188.39,281.96,368.0,550.5,712.75,63.66,51.36,332.27,310.53,929.7
161,CUST1161,EMP101,ORD5161,2025-09-04,North,Bengaluru,Operations,Beauty,Laptop,53425.31,16951.74,81,35535.62,39.86,57573.75,20699.0,1.7,34,4.3,Male,Completed,UPI,New,Medium,Store,Diploma,Contract,Average,India,Zone D,Manager_1,Supplier_11,Brand C,Consumer,Medium,In Transit,Platinum,Advertisement,957.82,121.75,544.24,526.75,931.36,852.36,28.01,195.87,875.56,744.49,321.58,108.88,868.69,724.91,467.66,454.83,690.92,596.2,72.61,53.5
330,CUST1330,EMP110,ORD5330,2025-09-04,South,Bhopal,Marketing,Grocery,Headphones,45667.71,13756.14,22,502.15,37.48,38123.72,60522.57,9.3,33,1.6,Male,Cancelled,UPI,New,Critical,Online,Master,Part-time,Excellent,India,Zone A,Manager_10,Supplier_15,Brand B,Small Business,Low,Cancelled,Gold,Direct,855.6,487.95,148.28,656.82,851.29,805.91,473.63,917.8,302.77,789.93,312.52,668.53,20.66,662.84,537.07,536.54,937.74,763.68,11.27,395.77
66,CUST1066,EMP166,ORD5066,2025-09-09,Central,Indore,Marketing,Furniture,Shoes,88284.73,6309.57,49,10055.32,5.11,459.26,138436.5,3.8,37,4.5,Male,Completed,Cash,Premium,Critical,Store,Master,Contract,Excellent,India,Zone B,Manager_6,Supplier_6,Brand A,Corporate,High,Delivered,Gold,Social Media,467.87,272.08,168.41,428.97,9.21,262.16,695.33,953.57,177.62,424.38,99.5,690.39,438.74,607.72,277.34,292.4,90.01,200.58,286.11,20.98
459,CUST1459,EMP159,ORD5459,2025-09-09,North,Bhopal,HR,Electronics,Headphones,64365.07,16657.88,4,2360.2,11.83,37302.38,31813.47,9.0,32,4.1,Other,Returned,Debit Card,Regular,Low,Store,Bachelor,Contract,Good,India,Zone A,Manager_19,Supplier_9,Brand B,Small Business,Low,Cancelled,Silver,Website,396.61,881.99,247.15,309.26,706.53,415.56,624.4,35.09,756.29,901.13,324.56,957.49,710.17,346.81,742.57,82.38,416.19,563.36,840.13,693.13
27,CUST1027,EMP127,ORD5027,2025-09-10,Central,Delhi,Finance,Grocery,Headphones,790.64,15230.47,54,43493.34,5.06,14540.01,106697.9,19.6,42,4.2,Female,Cancelled,Debit Card,New,Critical,Mobile App,Bachelor,Permanent,Average,India,Zone C,Manager_7,Supplier_12,Brand C,Corporate,Medium,Delivered,Gold,Social Media,484.34,244.45,285.3,435.61,861.63,340.32,760.83,22.92,877.6,392.81,515.14,934.08,879.03,777.99,447.5,884.83,167.7,53.15,640.96,190.09
265,CUST1265,EMP125,ORD5265,2025-09-10,West,Jaipur,HR,Grocery,Skincare,3539.67,2413.95,32,38117.99,24.42,46469.04,158888.37,17.2,27,3.0,Male,Pending,Cash,New,Medium,Store,Bachelor,Contract,Good,India,Zone B,Manager_5,Supplier_10,Brand A,Consumer,Low,Cancelled,Platinum,Referral,605.53,763.31,419.2,888.72,586.36,765.04,289.54,586.64,450.72,341.62,312.57,85.4,377.29,947.03,53.33,537.25,23.15,124.9,703.78,466.26
374,CUST1374,EMP154,ORD5374,2025-09-10,East,Delhi,Marketing,Electronics,Rice,4708.03,6166.01,40,36239.2,29.21,55761.42,169927.78,18.5,46,4.2,Female,Returned,UPI,New,Medium,Online,PhD,Permanent,Poor,India,Zone A,Manager_14,Supplier_14,Brand C,Small Business,Low,In Transit,Silver,Direct,764.01,36.25,879.06,709.12,69.71,739.82,696.15,250.55,992.79,362.82,623.91,111.86,46.78,144.16,635.05,426.57,893.76,502.06,743.71,590.69
436,CUST1436,EMP136,ORD5436,2025-09-10,West,Mumbai,Finance,Grocery,Shoes,33359.16,19843.5,37,27416.0,16.62,14568.85,66024.07,12.2,34,1.3,Male,Completed,Cash,Regular,Critical,Mobile App,Master,Permanent,Excellent,India,Zone A,Manager_16,Supplier_1,Brand A,Small Business,Medium,Delayed,Platinum,Advertisement,64.24,83.9,430.72,531.14,186.33,593.85,227.69,149.82,562.45,327.73,633.97,355.76,956.4,982.26,677.43,9.88,946.77,532.63,838.44,58.8
194,CUST1194,EMP134,ORD5194,2025-09-11,South,Delhi,HR,Clothing,Shoes,18128.51,162.68,23,24342.29,39.43,39413.81,43668.58,9.0,35,3.7,Female,Cancelled,Cash,Premium,Critical,Mobile App,Master,Contract,Excellent,India,Zone D,Manager_14,Supplier_14,Brand D,Consumer,Medium,Cancelled,Silver,Referral,758.93,603.64,387.22,378.15,562.77,778.89,69.94,783.92,472.01,601.76,726.53,74.84,111.84,834.01,354.13,896.36,882.35,16.52,663.65,489.66
347,CUST1347,EMP127,ORD5347,2025-09-11,Central,Indore,Finance,Grocery,Table,72311.29,21701.71,20,16284.86,30.64,21172.27,151123.89,7.6,58,1.4,Female,Pending,Cash,Regular,Critical,Online,Diploma,Part-time,Excellent,India,Zone B,Manager_7,Supplier_2,Brand A,Small Business,Medium,Delayed,Gold,Direct,823.45,325.39,186.41,464.63,81.97,25.03,641.74,16.06,719.29,505.87,751.15,163.32,305.76,659.67,125.12,315.18,507.82,586.81,979.23,364.87
210,CUST1210,EMP150,ORD5210,2025-09-11,North,Kolkata,Sales,Clothing,Skincare,79355.88,-280.21,35,26204.84,11.89,66602.64,78888.1,1.9,56,3.1,Other,Returned,Debit Card,New,Medium,Store,PhD,Contract,Good,India,Zone A,Manager_10,Supplier_15,Brand C,Consumer,Medium,Cancelled,Basic,Website,594.97,940.64,66.42,845.11,646.01,369.33,513.52,805.5,236.17,423.12,169.82,949.1,763.25,439.09,246.81,284.57,963.06,603.93,514.25,846.77
267,CUST1267,EMP127,ORD5267,2025-09-13,South,Jaipur,HR,Electronics,Shirt,52959.0,-2482.41,79,13860.29,4.66,28164.68,133486.94,7.8,47,1.9,Other,Completed,UPI,New,High,Mobile App,Master,Permanent,Poor,India,Zone C,Manager_7,Supplier_12,Brand D,Consumer,High,In Transit,Gold,Referral,105.78,245.83,470.54,315.24,257.87,872.52,79.14,320.66,157.45,395.09,832.49,280.75,329.93,797.81,543.29,953.56,184.69,39.66,307.21,60.87
359,CUST1359,EMP139,ORD5359,2025-09-15,Central,Delhi,IT,Beauty,Watch,94074.63,1120.74,28,9637.49,6.78,15238.89,145385.73,19.5,56,4.2,Male,Completed,Net Banking,Premium,High,Store,Bachelor,Contract,Poor,India,Zone A,Manager_19,Supplier_14,Brand C,Corporate,Medium,Cancelled,Silver,Social Media,77.67,611.31,326.82,814.21,422.35,868.47,608.32,96.69,734.65,894.56,856.35,828.74,414.38,784.46,991.38,926.94,822.65,103.22,187.32,985.57
133,CUST1133,EMP153,ORD5133,2025-09-16,Central,Mumbai,Finance,Furniture,Phone,37320.21,8800.07,21,32703.84,9.3,33233.04,172637.72,18.1,52,4.7,Female,Cancelled,Cash,New,Medium,Mobile App,PhD,Part-time,Average,India,Zone A,Manager_13,Supplier_13,Brand B,Corporate,Medium,Delayed,Silver,Advertisement,95.54,100.89,644.72,678.54,337.85,353.64,582.6,670.73,639.34,516.68,573.32,713.94,673.98,678.18,137.01,195.61,858.08,776.37,759.98,846.44
189,CUST1189,EMP129,ORD5189,2025-09-20,East,Delhi,HR,Beauty,Shoes,25067.29,13964.78,53,47017.02,4.25,2317.4,36006.44,9.8,59,1.3,Female,Pending,Net Banking,New,Medium,Store,Diploma,Part-time,Poor,India,Zone D,Manager_9,Supplier_9,Brand D,Corporate,Medium,Delayed,Gold,Website,261.98,475.89,301.42,198.4,735.12,253.55,57.68,966.61,44.77,722.55,849.61,658.2,580.19,546.8,161.11,58.51,53.46,315.6,58.48,867.28
304,CUST1304,EMP164,ORD5304,2025-09-21,West,Kolkata,IT,Furniture,Headphones,68333.99,163.32,4,27860.77,23.92,29877.23,22688.98,8.8,26,3.9,Other,Returned,Cash,New,Critical,Store,Bachelor,Permanent,Excellent,India,Zone B,Manager_4,Supplier_4,Brand B,Corporate,Medium,In Transit,Basic,Advertisement,491.14,72.31,313.48,556.89,80.44,932.63,860.7,19.72,131.06,262.45,132.5,342.89,613.58,535.5,871.6,24.29,754.62,109.35,682.58,286.12
409,CUST1409,EMP109,ORD5409,2025-09-22,West,Bhopal,IT,Beauty,Skincare,79725.94,12706.98,95,25707.84,23.56,35816.85,46516.01,11.3,40,1.4,Male,Completed,Debit Card,New,Medium,Store,Bachelor,Contract,Average,India,Zone B,Manager_9,Supplier_4,Brand A,Consumer,High,Delivered,Gold,Referral,969.35,551.03,339.03,247.17,22.13,1.32,746.15,867.99,910.68,527.44,3.55,234.91,692.45,278.56,963.81,396.58,500.78,53.97,314.88,795.38
366,CUST1366,EMP146,ORD5366,2025-09-25,Central,Pune,Sales,Beauty,Phone,57395.01,-4525.6,37,21050.45,31.27,58074.02,97718.91,4.4,30,1.2,Male,Cancelled,Debit Card,Regular,High,Mobile App,Master,Permanent,Good,India,Zone C,Manager_6,Supplier_6,Brand B,Corporate,Medium,Delayed,Gold,Referral,671.64,762.32,421.34,790.66,797.93,479.7,356.14,33.2,176.55,416.68,121.05,354.46,42.91,804.55,45.11,324.62,843.26,711.67,207.53,182.43
146,CUST1146,EMP166,ORD5146,2025-09-25,Central,Bengaluru,IT,Grocery,Rice,1167.68,6754.72,16,21838.68,1.92,65164.6,114075.1,3.8,29,3.8,Male,Completed,Debit Card,New,Low,Mobile App,Bachelor,Contract,Good,India,Zone B,Manager_6,Supplier_11,Brand E,Corporate,High,Delivered,Silver,Website,123.88,881.32,820.85,90.9,406.01,659.49,236.33,920.0,434.5,815.59,719.76,690.72,413.52,681.68,117.72,745.15,912.88,101.41,846.23,851.99
311,CUST1311,EMP171,ORD5311,2025-09-26,Central,Pune,IT,Furniture,Rice,66852.01,11601.37,32,4876.88,18.98,53175.83,132289.38,1.1,20,1.7,Other,Completed,Credit Card,New,High,Store,PhD,Contract,Good,India,Zone C,Manager_11,Supplier_11,Brand E,Corporate,Low,Cancelled,Silver,Website,485.25,907.12,897.2,219.92,518.18,251.11,959.19,71.25,517.05,762.53,596.38,838.58,852.62,806.55,961.97,436.63,817.29,209.47,678.33,768.48
62,CUST1062,EMP162,ORD5062,2025-09-27,Central,Kolkata,HR,Beauty,Rice,92977.96,20656.21,36,18888.86,30.25,17125.62,101479.44,13.7,43,2.1,Male,Pending,Cash,Regular,Critical,Mobile App,Master,Permanent,Poor,India,Zone D,Manager_2,Supplier_2,Brand C,Small Business,Medium,Delivered,Silver,Advertisement,158.13,681.51,982.26,471.25,789.71,390.52,42.35,508.58,700.73,815.62,165.44,342.54,539.09,905.35,357.97,319.3,763.29,438.23,294.03,551.86
63,CUST1063,EMP163,ORD5063,2025-09-28,West,Mumbai,Sales,Beauty,Skincare,16937.79,13091.93,79,11679.58,3.27,21492.7,34583.47,15.1,26,2.4,Male,Returned,Cash,Regular,Critical,Online,PhD,Part-time,Poor,India,Zone D,Manager_3,Supplier_3,Brand D,Consumer,Low,In Transit,Gold,Social Media,860.6,349.45,708.62,26.77,195.27,524.07,558.82,82.46,855.62,179.21,649.19,21.85,198.58,576.19,881.17,74.68,868.58,806.64,371.61,506.76
3,CUST1003,EMP103,ORD5003,2025-09-28,East,Indore,Operations,Electronics,Watch,69597.82,11164.39,26,2343.58,6.07,29196.77,119010.11,0.4,41,2.2,Female,Pending,Debit Card,New,Low,Store,PhD,Part-time,Average,India,Zone D,Manager_3,Supplier_3,Brand B,Corporate,High,In Transit,Gold,Advertisement,989.18,101.13,499.82,459.44,746.57,628.28,118.32,752.95,408.19,402.46,488.21,919.9,210.95,909.55,491.45,422.53,842.47,208.29,614.65,361.06
327,CUST1327,EMP107,ORD5327,2025-09-29,North,Bengaluru,HR,Beauty,Laptop,19190.36,23171.71,89,22250.8,23.57,14230.24,124918.94,4.4,32,1.2,Female,Returned,Credit Card,Regular,Low,Store,PhD,Permanent,Good,India,Zone A,Manager_7,Supplier_12,Brand E,Consumer,Medium,Delayed,Basic,Advertisement,992.04,748.09,962.28,871.17,175.45,357.27,17.35,428.15,734.45,537.62,953.43,303.61,314.91,387.94,928.72,377.63,295.21,213.12,398.82,104.93
399,CUST1399,EMP179,ORD5399,2025-09-30,South,Pune,Sales,Electronics,Table,786.68,20009.29,73,12468.88,0.44,37241.84,32820.98,13.8,32,2.3,Other,Completed,Cash,New,Low,Mobile App,Bachelor,Part-time,Excellent,India,Zone B,Manager_19,Supplier_9,Brand D,Corporate,High,In Transit,Basic,Referral,679.68,592.49,459.59,9.24,395.15,485.78,698.73,53.42,914.53,686.72,595.45,162.48,859.08,959.7,545.34,995.75,252.47,558.65,874.97,227.2
39,CUST1039,EMP139,ORD5039,2025-10-01,South,Delhi,IT,Clothing,Rice,59291.31,1573.52,29,45169.22,15.92,10106.98,55479.94,14.3,23,1.4,Female,Completed,Debit Card,New,Critical,Mobile App,PhD,Part-time,Poor,India,Zone A,Manager_19,Supplier_9,Brand B,Corporate,Medium,Delivered,Platinum,Website,131.57,781.72,849.42,596.16,753.39,169.47,149.98,237.92,115.8,158.06,83.16,156.7,531.47,559.01,129.65,623.26,952.8,968.75,988.29,728.76
387,CUST1387,EMP167,ORD5387,2025-10-04,North,Bhopal,Operations,Electronics,Table,27262.32,7824.87,46,14066.64,7.25,40881.16,19197.49,2.4,51,2.3,Other,Returned,Net Banking,Premium,Critical,Store,Master,Contract,Average,India,Zone A,Manager_7,Supplier_12,Brand E,Corporate,Medium,Delayed,Platinum,Direct,382.92,434.98,92.85,808.51,704.84,730.56,392.13,122.23,656.14,902.15,753.19,772.41,745.57,978.0,839.4,342.54,81.16,602.62,411.34,414.03
239,CUST1239,EMP179,ORD5239,2025-10-04,East,Bhopal,HR,Electronics,Skincare,44401.76,23574.01,96,12079.53,31.66,12114.17,58641.5,8.0,24,3.1,Other,Returned,Cash,Premium,Medium,Online,Bachelor,Part-time,Average,India,Zone B,Manager_19,Supplier_14,Brand D,Small Business,Medium,Delayed,Silver,Website,487.44,179.84,45.23,241.67,872.87,542.41,850.81,237.04,557.85,20.77,455.73,238.74,897.13,260.66,715.57,482.36,55.89,644.98,928.47,670.64
22,CUST1022,EMP122,ORD5022,2025-10-04,West,Indore,IT,Beauty,Watch,47553.26,8757.94,29,44505.2,4.54,30030.06,146293.57,5.5,58,2.0,Female,Completed,UPI,Regular,Critical,Online,Bachelor,Part-time,Poor,India,Zone C,Manager_2,Supplier_7,Brand B,Corporate,Low,Delayed,Gold,Referral,388.05,252.1,657.95,391.33,616.29,919.43,71.65,445.32,406.33,300.62,166.75,81.59,840.68,739.79,218.87,455.19,797.42,609.25,19.03,325.52
221,CUST1221,EMP161,ORD5221,2025-10-04,East,Delhi,Marketing,Furniture,Shirt,46117.41,-4518.14,29,4699.18,10.17,51644.96,38192.88,16.1,55,4.7,Male,Returned,Debit Card,Premium,Critical,Mobile App,Diploma,Contract,Average,India,Zone B,Manager_1,Supplier_11,Brand B,Corporate,Low,Cancelled,Silver,Referral,113.55,537.92,411.96,661.03,467.17,694.02,28.99,678.0,56.95,95.98,243.46,639.6,504.62,714.0,626.37,507.73,310.33,600.55,647.77,105.39
397,CUST1397,EMP177,ORD5397,2025-10-06,North,Indore,Finance,Electronics,Headphones,63625.2,21211.69,87,39102.61,30.76,26695.68,61382.38,1.6,45,4.0,Female,Completed,Cash,Regular,Low,Online,Bachelor,Part-time,Average,India,Zone A,Manager_17,Supplier_7,Brand C,Small Business,Medium,Cancelled,Platinum,Referral,719.66,596.66,512.72,123.26,238.7,970.73,67.67,234.68,415.2,70.67,282.4,267.25,287.38,815.54,595.46,491.48,833.19,814.7,819.4,219.99
168,CUST1168,EMP108,ORD5168,2025-10-07,East,Jaipur,Marketing,Clothing,Watch,31664.02,2584.41,18,3098.81,36.96,21608.43,169304.43,1.1,41,3.7,Female,Completed,Net Banking,New,Low,Store,PhD,Part-time,Poor,India,Zone D,Manager_8,Supplier_3,Brand C,Corporate,High,In Transit,Platinum,Direct,580.91,801.92,272.92,153.75,187.18,481.94,669.93,942.26,556.7,698.6,457.71,501.17,328.2,320.09,506.4,718.91,696.53,824.1,913.11,930.02
257,CUST1257,EMP117,ORD5257,2025-10-07,Central,Indore,Operations,Clothing,Skincare,31533.96,-4406.13,35,7886.19,31.44,31237.16,150935.87,7.2,57,1.9,Other,Completed,UPI,Premium,Medium,Store,Diploma,Part-time,Average,India,Zone D,Manager_17,Supplier_2,Brand E,Small Business,Medium,Delayed,Platinum,Advertisement,362.29,103.02,692.81,861.56,352.46,390.2,786.12,55.39,649.58,348.55,270.83,569.49,292.81,966.4,792.11,852.15,846.73,376.77,586.15,360.09
132,CUST1132,EMP152,ORD5132,2025-10-10,South,Jaipur,IT,Grocery,Skincare,1724.82,21384.9,3,29904.89,31.86,27833.18,50965.06,19.7,26,2.5,Female,Returned,Credit Card,Premium,High,Mobile App,Master,Contract,Average,India,Zone C,Manager_12,Supplier_12,Brand C,Corporate,Low,Delivered,Silver,Advertisement,726.44,256.74,426.0,219.18,189.7,416.63,716.98,746.09,359.96,651.48,84.78,455.71,844.56,334.88,505.06,998.83,62.02,589.96,869.53,909.94
236,CUST1236,EMP176,ORD5236,2025-10-10,West,Bhopal,HR,Clothing,Laptop,49396.11,-1445.23,61,39699.18,20.1,3087.5,110085.98,4.1,57,4.0,Other,Pending,Cash,Regular,Critical,Store,Diploma,Permanent,Average,India,Zone A,Manager_16,Supplier_11,Brand A,Small Business,Low,In Transit,Gold,Advertisement,129.4,693.4,715.85,519.74,140.74,822.36,938.37,195.19,354.67,140.58,371.27,347.58,629.56,141.85,172.97,584.02,493.72,10.18,974.36,947.78
240,CUST1240,EMP180,ORD5240,2025-10-11,East,Pune,HR,Beauty,Watch,60772.65,1801.82,61,7301.03,36.63,33409.2,100564.35,8.4,40,2.6,Other,Cancelled,Debit Card,Premium,Low,Store,Bachelor,Part-time,Average,India,Zone D,Manager_20,Supplier_15,Brand A,Corporate,Medium,In Transit,Silver,Referral,138.03,285.1,1.87,1.42,409.5,371.11,954.38,774.19,565.73,395.52,997.16,567.89,432.56,956.51,110.24,691.18,233.3,374.38,686.29,646.93
335,CUST1335,EMP115,ORD5335,2025-10-12,East,Bengaluru,HR,Electronics,Chair,46585.69,23088.01,4,25073.82,6.64,56881.6,107156.91,9.1,30,2.7,Male,Completed,Net Banking,New,High,Mobile App,Master,Permanent,Excellent,India,Zone B,Manager_15,Supplier_5,Brand D,Corporate,High,Delayed,Platinum,Direct,104.51,750.02,169.78,678.43,753.24,550.94,260.83,60.61,672.57,111.15,780.21,263.7,560.66,364.23,63.83,709.14,233.51,186.27,180.87,440.98
370,CUST1370,EMP150,ORD5370,2025-10-12,East,Pune,Sales,Beauty,Phone,38042.71,7743.15,54,6612.01,33.75,21016.32,129324.78,16.9,21,1.2,Female,Cancelled,Debit Card,Premium,Critical,Mobile App,Master,Part-time,Good,India,Zone A,Manager_10,Supplier_10,Brand D,Corporate,Low,Delivered,Platinum,Website,213.92,136.17,621.13,355.13,689.34,879.56,920.3,252.84,808.11,73.56,391.75,429.07,87.7,99.72,599.2,275.34,639.9,169.07,606.27,996.55
272,CUST1272,EMP132,ORD5272,2025-10-15,East,Indore,Operations,Clothing,Skincare,73438.59,6443.23,69,21095.98,36.22,14771.84,119285.01,18.2,35,2.0,Female,Cancelled,Credit Card,Premium,High,Mobile App,Diploma,Permanent,Poor,India,Zone B,Manager_12,Supplier_2,Brand C,Corporate,High,Delayed,Basic,Social Media,72.68,521.27,504.18,789.44,561.9,789.38,10.57,761.45,140.83,268.87,222.32,591.18,286.09,113.16,919.3,96.01,497.1,274.99,306.38,180.14
346,CUST1346,EMP126,ORD5346,2025-10-16,Central,Delhi,Sales,Beauty,Skincare,82465.92,4811.34,50,34865.09,13.25,51048.0,35238.71,2.5,26,1.5,Other,Completed,Debit Card,Regular,Critical,Mobile App,Master,Contract,Excellent,India,Zone C,Manager_6,Supplier_1,Brand B,Corporate,Low,Delayed,Platinum,Website,533.51,213.35,36.57,183.95,151.67,723.75,800.16,117.04,20.25,519.26,809.88,119.78,765.87,586.77,150.88,648.8,573.61,842.62,511.1,63.25
87,CUST1087,EMP107,ORD5087,2025-10-16,South,Delhi,HR,Clothing,Shoes,90081.97,-2278.35,4,38168.38,5.93,13698.0,66277.11,13.9,43,2.3,Other,Pending,UPI,Premium,Medium,Store,Bachelor,Permanent,Poor,India,Zone B,Manager_7,Supplier_12,Brand C,Consumer,Low,Cancelled,Silver,Referral,316.95,840.08,43.21,708.95,750.39,451.21,251.08,856.24,904.98,886.44,136.76,934.38,821.54,130.32,802.87,656.53,172.26,289.7,428.75,904.9
167,CUST1167,EMP107,ORD5167,2025-10-21,Central,Jaipur,IT,Furniture,Chair,39845.71,19540.8,23,350.82,29.3,49418.83,59538.91,4.4,35,1.2,Female,Pending,Debit Card,New,Critical,Mobile App,PhD,Part-time,Average,India,Zone C,Manager_7,Supplier_2,Brand B,Consumer,Low,Cancelled,Gold,Social Media,764.22,101.08,944.49,672.15,562.98,219.67,392.94,751.31,69.82,504.96,916.19,731.04,677.67,314.8,852.81,225.86,412.86,718.39,436.74,90.62
67,CUST1067,EMP167,ORD5067,2025-10-23,East,Delhi,Operations,Electronics,Skincare,67258.83,11559.71,45,14768.06,17.69,31234.13,104317.98,8.0,59,1.1,Other,Returned,Debit Card,New,High,Mobile App,Bachelor,Permanent,Excellent,India,Zone A,Manager_7,Supplier_7,Brand C,Consumer,Medium,Cancelled,Basic,Website,275.04,88.31,727.86,864.79,200.22,212.85,741.11,183.14,159.17,542.66,656.16,145.42,799.56,575.91,0.61,866.66,442.08,343.89,258.92,272.95
188,CUST1188,EMP128,ORD5188,2025-10-25,East,Mumbai,IT,Grocery,Headphones,17249.53,23476.26,74,36512.62,19.97,47043.98,87151.05,9.0,39,4.8,Other,Returned,Net Banking,New,Low,Store,PhD,Part-time,Excellent,India,Zone B,Manager_8,Supplier_8,Brand A,Corporate,High,Delayed,Gold,Direct,406.86,277.38,204.82,186.7,699.38,155.93,465.87,341.31,645.47,403.0,831.45,327.26,76.44,334.08,923.95,204.48,905.77,851.2,686.76,956.42
456,CUST1456,EMP156,ORD5456,2025-10-28,West,Delhi,Operations,Furniture,Watch,34509.47,3878.29,36,7141.27,25.08,48763.85,148697.32,18.4,48,4.4,Male,Completed,Credit Card,Regular,Critical,Store,PhD,Part-time,Good,India,Zone D,Manager_16,Supplier_6,Brand B,Small Business,Medium,In Transit,Basic,Advertisement,281.55,584.94,812.4,618.04,962.08,124.1,4.03,874.44,431.99,213.72,651.05,514.19,333.95,93.3,773.73,653.92,2.52,871.74,674.46,470.47
373,CUST1373,EMP153,ORD5373,2025-10-29,South,Indore,Sales,Grocery,Skincare,12044.26,12844.1,72,39880.83,38.46,50785.27,68166.36,4.1,39,3.4,Male,Completed,UPI,Regular,High,Mobile App,PhD,Permanent,Excellent,India,Zone A,Manager_13,Supplier_13,Brand D,Consumer,High,Delayed,Basic,Advertisement,765.11,799.01,956.89,222.53,689.34,774.85,742.09,436.49,646.77,588.44,501.9,284.79,551.97,650.84,770.04,578.45,862.62,133.22,912.07,558.14
260,CUST1260,EMP120,ORD5260,2025-10-29,East,Jaipur,Finance,Clothing,Table,97167.54,7349.66,31,45653.33,34.95,13679.72,136260.28,2.6,36,4.2,Female,Completed,Debit Card,Premium,Medium,Online,Diploma,Part-time,Excellent,India,Zone B,Manager_20,Supplier_5,Brand E,Small Business,Low,In Transit,Basic,Referral,39.24,582.87,387.33,89.99,672.95,108.56,749.29,197.77,851.43,999.15,4.2,712.39,178.72,455.48,236.4,664.22,45.41,593.98,123.91,668.66
193,CUST1193,EMP133,ORD5193,2025-10-31,Central,Delhi,IT,Beauty,Rice,71046.87,16254.69,96,8749.82,18.08,22518.64,53755.44,2.0,45,2.6,Other,Completed,Credit Card,Premium,High,Online,Bachelor,Contract,Excellent,India,Zone A,Manager_13,Supplier_13,Brand C,Corporate,High,Delivered,Silver,Website,847.56,451.16,634.95,147.95,296.71,852.92,882.81,210.05,328.31,551.68,753.06,391.6,622.76,632.72,287.0,358.61,131.22,701.67,135.09,837.6
301,CUST1301,EMP161,ORD5301,2025-11-01,East,Mumbai,HR,Furniture,Shirt,1105.83,15693.37,21,13977.17,5.72,48247.85,150384.95,7.7,25,2.7,Other,Completed,Net Banking,Premium,Low,Mobile App,Master,Contract,Excellent,India,Zone A,Manager_1,Supplier_1,Brand E,Consumer,Medium,Cancelled,Basic,Referral,983.22,550.43,926.5,122.05,873.37,307.29,58.15,854.83,428.05,916.15,80.32,536.35,573.31,811.11,249.52,3.38,345.44,516.32,809.95,46.95
499,CUST1499,EMP119,ORD5499,2025-11-01,East,Bhopal,Sales,Furniture,Phone,81081.09,9871.11,76,14462.78,0.04,22188.2,30143.53,10.6,51,2.2,Male,Cancelled,Net Banking,New,Low,Mobile App,Diploma,Part-time,Excellent,India,Zone A,Manager_19,Supplier_4,Brand D,Small Business,Medium,Cancelled,Silver,Advertisement,880.11,967.65,214.99,139.2,799.83,543.9,556.82,755.71,652.01,664.58,349.1,18.56,967.16,563.7,53.47,102.44,723.56,992.74,325.24,253.54
16,CUST1016,EMP116,ORD5016,2025-11-05,West,Bhopal,Sales,Electronics,Headphones,13603.5,23869.31,62,40005.92,26.09,10680.84,36506.42,11.9,29,4.5,Female,Completed,Debit Card,New,Medium,Online,PhD,Contract,Poor,India,Zone D,Manager_16,Supplier_1,Brand D,Corporate,Medium,Delayed,Basic,Referral,465.87,267.34,631.99,262.46,831.57,546.59,127.59,864.48,329.39,443.93,63.22,989.92,395.52,374.95,28.65,369.03,908.83,69.42,48.5,558.29
25,CUST1025,EMP125,ORD5025,2025-11-10,North,Mumbai,HR,Clothing,Skincare,40993.71,9440.0,16,36838.37,23.77,25750.6,80027.07,6.8,44,1.9,Female,Completed,UPI,Premium,Critical,Online,PhD,Permanent,Poor,India,Zone A,Manager_5,Supplier_10,Brand D,Corporate,Medium,In Transit,Basic,Referral,416.07,331.69,56.61,778.55,763.38,442.1,838.88,35.0,172.64,704.1,258.98,606.18,466.19,606.75,904.08,27.16,812.1,833.91,154.86,804.98
299,CUST1299,EMP159,ORD5299,2025-11-10,South,Bengaluru,Finance,Beauty,Watch,57915.55,13921.01,5,26629.89,25.01,43379.85,39598.94,5.4,22,3.9,Male,Returned,Net Banking,Regular,Critical,Mobile App,Master,Permanent,Good,India,Zone C,Manager_19,Supplier_14,Brand E,Corporate,High,Cancelled,Platinum,Website,509.0,167.61,170.23,151.34,958.74,52.59,535.51,943.16,101.5,328.36,143.87,734.49,183.91,699.69,745.92,121.42,47.35,255.4,582.72,393.47
41,CUST1041,EMP141,ORD5041,2025-11-12,South,Bhopal,HR,Electronics,Phone,85486.53,22581.62,19,28873.04,23.68,44945.64,178908.96,19.7,32,3.0,Male,Returned,Credit Card,Regular,Critical,Online,Diploma,Part-time,Good,India,Zone D,Manager_1,Supplier_11,Brand D,Small Business,Low,Cancelled,Silver,Referral,694.36,816.86,292.33,171.97,787.1,971.3,332.45,500.87,319.55,784.89,972.22,98.87,368.32,62.43,691.24,392.44,605.77,675.81,629.06,831.54
137,CUST1137,EMP157,ORD5137,2025-11-14,East,Bhopal,Sales,Beauty,Chair,51412.3,16802.48,86,30021.42,11.29,32811.83,83634.07,5.2,50,4.5,Female,Cancelled,Credit Card,Premium,Low,Online,PhD,Permanent,Excellent,India,Zone A,Manager_17,Supplier_2,Brand C,Corporate,High,Delivered,Silver,Website,159.94,861.13,518.32,101.57,19.3,654.17,495.66,808.72,764.43,91.42,137.06,546.15,934.37,50.17,317.56,755.17,910.23,918.45,23.38,675.16
288,CUST1288,EMP148,ORD5288,2025-11-17,North,Delhi,IT,Grocery,Headphones,88500.22,11433.54,48,32446.97,16.6,44365.1,33710.56,0.4,54,1.6,Other,Returned,Credit Card,Regular,Low,Online,Master,Contract,Good,India,Zone C,Manager_8,Supplier_3,Brand B,Corporate,Medium,Delayed,Gold,Direct,315.49,488.24,4.8,946.0,468.23,994.51,636.9,298.68,778.51,851.55,566.6,784.84,890.64,359.76,22.22,684.87,60.04,881.61,21.64,53.89
271,CUST1271,EMP131,ORD5271,2025-11-19,Central,Bengaluru,HR,Grocery,Shoes,33674.03,1162.04,80,3920.76,30.09,66562.22,146657.54,5.0,58,3.8,Male,Returned,Net Banking,New,Critical,Store,Master,Contract,Good,India,Zone C,Manager_11,Supplier_1,Brand C,Small Business,High,In Transit,Platinum,Social Media,413.42,210.42,187.15,512.28,347.17,110.23,513.86,759.71,280.43,884.99,305.26,118.9,208.49,91.55,998.69,923.24,972.33,543.7,289.84,12.94
268,CUST1268,EMP128,ORD5268,2025-11-19,Central,Bhopal,Finance,Beauty,Laptop,63438.14,5003.88,58,10291.91,5.08,55539.68,81651.31,17.8,39,1.5,Female,Cancelled,Credit Card,Regular,Critical,Mobile App,Diploma,Part-time,Good,India,Zone C,Manager_8,Supplier_13,Brand E,Corporate,Low,Delivered,Silver,Direct,277.92,728.82,93.21,941.22,94.22,524.71,117.68,820.03,856.15,930.48,975.3,507.0,877.16,176.43,828.96,844.82,931.54,272.55,154.06,705.34
355,CUST1355,EMP135,ORD5355,2025-11-21,South,Jaipur,HR,Beauty,Phone,89624.81,1875.16,20,31005.24,21.99,40569.68,101281.27,19.2,53,3.3,Male,Completed,UPI,Premium,Medium,Mobile App,Diploma,Permanent,Good,India,Zone B,Manager_15,Supplier_10,Brand D,Small Business,High,In Transit,Gold,Website,363.25,935.25,738.65,592.45,60.78,981.54,616.59,615.79,580.23,240.68,551.34,768.28,514.25,338.04,751.71,100.32,354.07,821.56,712.54,774.71
175,CUST1175,EMP115,ORD5175,2025-11-22,North,Mumbai,Operations,Grocery,Skincare,47663.64,17874.49,67,47082.49,27.04,64257.08,156807.33,8.5,28,3.1,Female,Pending,Net Banking,New,Medium,Mobile App,Diploma,Contract,Good,India,Zone C,Manager_15,Supplier_10,Brand D,Consumer,Medium,In Transit,Basic,Referral,566.19,765.06,968.86,169.71,281.6,180.77,135.24,396.56,871.01,270.89,256.48,559.01,239.78,668.51,895.29,903.53,67.07,374.47,870.02,648.48
454,CUST1454,EMP154,ORD5454,2025-11-23,North,Jaipur,Operations,Electronics,Watch,43833.01,7435.48,13,43768.39,23.52,21508.13,141893.75,0.0,53,2.9,Female,Completed,Credit Card,Regular,Critical,Online,PhD,Part-time,Average,India,Zone B,Manager_14,Supplier_4,Brand C,Small Business,High,In Transit,Silver,Advertisement,830.58,340.11,164.26,798.75,989.26,675.79,861.66,799.89,654.52,813.15,727.09,81.63,941.69,235.51,958.11,361.09,935.81,880.62,547.95,509.23
123,CUST1123,EMP143,ORD5123,2025-11-27,South,Jaipur,Finance,Beauty,Shoes,86243.38,11335.17,9,21612.51,32.16,17969.17,52855.21,17.9,38,2.4,Male,Completed,UPI,Premium,Critical,Online,Diploma,Part-time,Good,India,Zone A,Manager_3,Supplier_3,Brand C,Small Business,High,In Transit,Basic,Referral,543.54,580.18,673.94,251.76,768.36,151.16,807.31,902.31,548.03,661.58,832.72,895.41,950.32,511.16,400.66,512.32,812.73,663.89,191.05,866.78
10,CUST1010,EMP110,ORD5010,2025-11-27,Central,Indore,IT,Beauty,Shirt,17472.9,-3663.09,67,23596.28,5.74,43463.95,92127.2,15.4,33,1.2,Male,Completed,UPI,Premium,High,Mobile App,Bachelor,Permanent,Poor,India,Zone D,Manager_10,Supplier_10,Brand D,Corporate,Medium,Cancelled,Basic,Referral,98.44,150.45,426.39,836.37,246.46,671.96,921.03,215.87,238.12,245.1,734.32,295.55,560.75,597.4,682.58,876.41,579.63,595.12,236.84,485.05
358,CUST1358,EMP138,ORD5358,2025-12-02,West,Bhopal,Operations,Clothing,Shirt,34366.89,16026.03,3,49881.38,19.62,34994.01,121846.03,9.6,31,3.1,Other,Cancelled,Cash,Premium,Medium,Mobile App,Master,Permanent,Excellent,India,Zone A,Manager_18,Supplier_13,Brand C,Consumer,High,Delayed,Basic,Social Media,924.03,717.7,167.89,568.21,500.15,859.42,0.55,371.12,381.53,855.98,492.42,708.37,155.37,594.83,494.5,879.82,404.73,144.91,498.49,356.73
217,CUST1217,EMP157,ORD5217,2025-12-04,West,Bhopal,Marketing,Beauty,Rice,13671.05,9475.01,6,39021.42,1.68,25492.77,59269.29,11.6,56,2.6,Male,Completed,UPI,Premium,Low,Online,Diploma,Contract,Average,India,Zone A,Manager_17,Supplier_7,Brand C,Corporate,Medium,Delayed,Silver,Website,463.51,738.19,202.48,998.3,279.99,119.84,342.38,108.5,441.37,271.6,808.21,874.0,723.68,726.47,296.3,652.51,668.36,943.69,738.43,912.56
68,CUST1068,EMP168,ORD5068,2025-12-04,Central,Mumbai,IT,Furniture,Headphones,26188.24,19142.59,82,11930.53,1.7,5989.45,157428.19,19.0,39,1.4,Male,Returned,Cash,New,Low,Online,Master,Part-time,Good,India,Zone B,Manager_8,Supplier_8,Brand C,Consumer,Low,Delivered,Basic,Advertisement,141.83,830.14,183.74,694.67,113.22,80.52,259.1,606.03,657.47,372.42,791.09,591.16,461.92,396.85,865.38,339.44,889.96,845.24,920.26,449.11
184,CUST1184,EMP124,ORD5184,2025-12-04,West,Pune,Marketing,Clothing,Watch,77467.12,3065.4,13,14824.11,18.67,48087.32,140622.28,5.5,40,2.8,Other,Cancelled,Debit Card,Regular,Critical,Online,Master,Permanent,Good,India,Zone D,Manager_4,Supplier_4,Brand A,Small Business,High,Delayed,Platinum,Social Media,177.21,695.48,164.11,555.01,562.7,935.97,303.48,129.53,493.77,180.27,747.09,182.64,35.5,58.63,661.35,997.9,421.56,404.38,782.51,850.36
448,CUST1448,EMP148,ORD5448,2025-12-05,South,Indore,HR,Electronics,Shirt,85784.39,5466.7,60,17306.4,5.02,36313.59,66891.61,17.3,36,4.0,Female,Returned,Net Banking,Premium,High,Store,Master,Part-time,Average,India,Zone C,Manager_8,Supplier_13,Brand C,Corporate,Low,Cancelled,Gold,Referral,774.83,334.25,257.41,309.68,952.06,284.56,887.14,84.54,361.22,446.06,565.47,942.58,12.17,274.75,58.15,733.64,983.42,278.11,557.67,651.59
122,CUST1122,EMP142,ORD5122,2025-12-06,West,Delhi,Operations,Grocery,Chair,54482.17,21666.62,92,37496.36,10.27,4025.72,119817.35,5.1,39,3.6,Male,Cancelled,Debit Card,Regular,Low,Store,Bachelor,Permanent,Excellent,India,Zone C,Manager_2,Supplier_2,Brand C,Small Business,High,In Transit,Basic,Social Media,876.85,149.43,42.36,460.66,574.37,774.06,609.08,263.51,750.31,409.34,483.51,930.7,809.58,712.62,327.79,50.11,73.38,423.68,268.51,110.61
45,CUST1045,EMP145,ORD5045,2025-12-06,North,Jaipur,IT,Clothing,Shoes,28848.35,-4574.3,15,12714.64,21.87,18792.33,64105.26,10.0,48,1.3,Other,Completed,Net Banking,Premium,High,Online,Bachelor,Contract,Poor,India,Zone A,Manager_5,Supplier_15,Brand B,Small Business,High,Cancelled,Silver,Advertisement,954.02,468.58,893.14,112.2,401.92,114.32,835.79,21.81,484.43,753.45,202.08,391.23,938.18,661.35,814.23,24.41,877.2,543.74,944.73,635.63
345,CUST1345,EMP125,ORD5345,2025-12-07,North,Kolkata,IT,Furniture,Chair,88258.22,17284.75,14,35671.02,2.22,61375.31,55311.71,18.7,27,2.3,Male,Cancelled,Debit Card,Regular,Critical,Store,Diploma,Contract,Excellent,India,Zone C,Manager_5,Supplier_15,Brand E,Corporate,High,Cancelled,Silver,Advertisement,561.11,874.58,346.86,820.35,949.8,609.7,180.78,266.8,87.45,899.37,969.4,612.0,306.46,275.08,37.95,521.54,948.21,911.39,274.21,779.96
401,CUST1401,EMP101,ORD5401,2025-12-08,East,Mumbai,Operations,Clothing,Watch,19009.29,11050.77,51,18269.23,22.87,42959.32,20040.62,4.3,57,2.2,Other,Pending,UPI,Premium,Low,Store,Bachelor,Contract,Average,India,Zone C,Manager_1,Supplier_11,Brand A,Corporate,High,Delivered,Basic,Referral,313.88,55.49,636.34,174.41,438.03,239.18,12.42,715.35,243.66,372.93,505.93,269.19,213.45,71.03,337.55,292.51,949.13,365.7,610.64,31.57
300,CUST1300,EMP160,ORD5300,2025-12-08,West,Indore,Marketing,Furniture,Phone,69926.75,11488.19,51,26935.37,0.49,57754.01,155999.04,19.6,34,4.5,Male,Cancelled,UPI,Regular,High,Online,Bachelor,Permanent,Average,India,Zone D,Manager_20,Supplier_15,Brand B,Small Business,Medium,Delayed,Silver,Direct,991.6,661.89,189.76,785.33,277.16,550.49,857.8,99.38,497.75,493.26,622.06,864.97,53.92,967.39,642.75,466.26,240.71,435.62,706.0,845.73
451,CUST1451,EMP151,ORD5451,2025-12-08,North,Bhopal,Finance,Clothing,Watch,38566.74,21531.3,28,6193.36,11.02,49333.04,89061.14,16.3,55,1.5,Female,Cancelled,Cash,New,Medium,Online,PhD,Part-time,Poor,India,Zone B,Manager_11,Supplier_1,Brand D,Small Business,Medium,In Transit,Basic,Referral,50.21,400.7,372.34,884.8,856.58,690.21,82.4,256.53,374.65,431.41,191.18,152.06,105.19,149.68,698.62,994.57,989.69,959.34,290.25,926.47
17,CUST1017,EMP117,ORD5017,2025-12-10,South,Pune,Finance,Grocery,Shirt,23801.35,13627.26,17,6249.31,10.04,10716.84,59367.24,16.5,52,4.8,Other,Cancelled,UPI,Regular,Medium,Mobile App,PhD,Contract,Good,India,Zone A,Manager_17,Supplier_2,Brand B,Consumer,Medium,Delayed,Silver,Referral,238.71,645.92,800.69,328.59,591.45,88.28,432.7,285.45,368.13,596.96,795.45,278.87,853.7,133.09,616.85,669.8,950.17,7.42,283.92,410.31
79,CUST1079,EMP179,ORD5079,2025-12-10,East,Delhi,Operations,Furniture,Skincare,87223.97,22041.49,3,38045.17,35.77,45313.92,49096.78,8.8,36,4.6,Female,Pending,Debit Card,Regular,High,Mobile App,Master,Contract,Poor,India,Zone A,Manager_19,Supplier_4,Brand A,Small Business,Medium,Delivered,Silver,Referral,155.59,207.08,518.41,167.42,593.26,746.27,579.98,190.68,393.48,165.66,471.29,7.95,870.92,147.91,15.11,981.52,759.32,84.49,34.1,779.37
316,CUST1316,EMP176,ORD5316,2025-12-12,South,Indore,Marketing,Clothing,Phone,15656.79,8520.59,55,41841.27,39.78,26537.89,48036.23,10.1,25,3.4,Female,Pending,UPI,Premium,High,Online,PhD,Part-time,Excellent,India,Zone D,Manager_16,Supplier_1,Brand C,Corporate,Low,Delivered,Basic,Direct,550.3,569.71,109.43,188.18,1.72,930.73,829.92,393.25,83.58,789.38,525.54,541.43,784.68,218.84,174.95,767.68,535.52,984.74,109.78,707.55
44,CUST1044,EMP144,ORD5044,2025-12-12,Central,Mumbai,Operations,Clothing,Shoes,84470.5,-4609.11,45,39303.59,14.51,63237.04,101693.67,14.7,24,2.1,Male,Completed,Net Banking,Premium,Medium,Mobile App,PhD,Part-time,Poor,India,Zone C,Manager_4,Supplier_14,Brand E,Consumer,High,Delivered,Platinum,Social Media,678.46,226.33,973.26,19.23,79.76,195.03,889.04,866.42,759.88,674.8,162.75,946.63,323.25,225.36,429.29,78.9,772.84,147.12,695.62,133.7
191,CUST1191,EMP131,ORD5191,2025-12-12,East,Mumbai,IT,Grocery,Skincare,35940.47,11802.75,79,43170.46,37.64,2735.07,135754.06,1.6,46,3.4,Other,Completed,Net Banking,Regular,Low,Store,Master,Part-time,Poor,India,Zone C,Manager_11,Supplier_11,Brand D,Corporate,High,In Transit,Gold,Website,797.24,388.43,774.26,491.61,303.48,271.74,560.51,801.16,17.3,963.39,352.53,507.05,41.72,642.69,341.87,700.31,288.15,689.34,583.84,75.38
179,CUST1179,EMP119,ORD5179,2025-12-12,North,Bengaluru,Marketing,Electronics,Table,9276.07,7434.09,94,12547.96,31.6,19288.02,134212.77,9.3,35,4.9,Other,Returned,Net Banking,New,Low,Online,Bachelor,Part-time,Poor,India,Zone C,Manager_19,Supplier_14,Brand A,Consumer,Low,In Transit,Platinum,Referral,244.51,638.7,356.09,422.01,391.28,994.75,639.47,610.25,595.32,805.27,683.05,794.83,573.92,236.48,798.96,155.75,744.75,860.8,194.48,56.51
125,CUST1125,EMP145,ORD5125,2025-12-14,South,Bengaluru,Finance,Clothing,Chair,23014.77,2659.27,6,14211.78,39.79,12094.59,167633.7,7.0,40,3.2,Male,Completed,Net Banking,Premium,Medium,Mobile App,Diploma,Permanent,Average,India,Zone D,Manager_5,Supplier_5,Brand A,Consumer,Low,Cancelled,Silver,Website,851.09,721.14,444.14,799.95,409.01,239.46,471.84,653.94,809.88,382.64,141.02,850.08,701.07,894.47,565.81,751.23,235.76,333.42,203.7,39.06
477,CUST1477,EMP177,ORD5477,2025-12-14,East,Delhi,Sales,Electronics,Phone,6441.79,1356.83,40,22377.45,14.42,1831.06,122182.91,9.1,25,4.4,Other,Completed,Cash,Regular,Low,Mobile App,PhD,Part-time,Average,India,Zone D,Manager_17,Supplier_12,Brand E,Corporate,High,Delayed,Gold,Advertisement,260.81,783.62,173.8,682.84,304.07,920.54,897.83,933.87,17.59,230.09,235.16,768.91,732.22,93.1,449.44,850.81,46.4,400.86,217.15,180.51
177,CUST1177,EMP117,ORD5177,2025-12-15,West,Jaipur,Operations,Electronics,Table,99488.37,-511.96,61,23173.32,14.8,16361.3,76274.62,3.7,41,4.1,Other,Pending,UPI,New,Medium,Online,Master,Contract,Good,India,Zone B,Manager_17,Supplier_12,Brand C,Corporate,Medium,Cancelled,Basic,Direct,549.25,716.84,401.33,237.13,541.22,89.7,342.74,31.84,946.17,364.43,960.48,641.49,111.05,188.93,750.88,753.59,499.56,515.37,666.38,183.48
258,CUST1258,EMP118,ORD5258,2025-12-15,South,Jaipur,Marketing,Furniture,Phone,25976.73,6720.46,86,41746.09,24.72,41496.28,81547.26,15.1,27,2.6,Male,Completed,Net Banking,New,Low,Mobile App,Diploma,Permanent,Poor,India,Zone D,Manager_18,Supplier_3,Brand D,Consumer,High,Cancelled,Silver,Advertisement,365.05,71.81,532.12,164.04,774.17,498.54,169.25,616.36,50.36,587.38,427.44,18.72,693.56,348.39,737.27,867.91,988.77,77.71,944.56,477.24
309,CUST1309,EMP169,ORD5309,2025-12-16,West,Kolkata,Sales,Grocery,Shoes,14947.05,8740.67,14,25961.98,10.82,41097.17,147056.47,0.6,37,4.9,Male,Returned,UPI,Premium,Critical,Store,Diploma,Part-time,Poor,India,Zone A,Manager_9,Supplier_9,Brand E,Small Business,High,Delivered,Gold,Website,73.36,84.68,981.92,748.11,986.4,95.69,938.88,70.91,359.64,374.21,537.31,307.08,671.33,798.85,991.96,277.96,862.34,341.88,750.79,331.53
294,CUST1294,EMP154,ORD5294,2025-12-20,West,Kolkata,Finance,Beauty,Shirt,68896.93,10591.13,55,21965.02,31.51,64692.7,62009.6,4.0,44,1.6,Male,Completed,Cash,Regular,Low,Store,Master,Permanent,Average,India,Zone A,Manager_14,Supplier_9,Brand C,Small Business,Low,Cancelled,Silver,Website,898.22,180.97,628.08,559.84,458.01,543.7,795.56,418.61,936.45,920.76,514.5,735.74,571.88,343.23,953.18,391.74,783.01,774.76,699.6,901.25
348,CUST1348,EMP128,ORD5348,2025-12-23,East,Indore,HR,Grocery,Rice,27518.93,-2470.96,50,11771.46,16.55,41996.17,40512.98,0.6,20,3.8,Other,Returned,UPI,New,High,Store,Bachelor,Part-time,Average,India,Zone A,Manager_8,Supplier_3,Brand A,Corporate,Low,Cancelled,Gold,Advertisement,981.73,150.74,746.77,13.66,431.62,570.64,668.95,107.01,439.19,62.25,760.39,640.73,408.42,17.6,403.08,714.77,839.39,377.08,124.3,955.29
134,CUST1134,EMP154,ORD5134,2025-12-25,East,Bhopal,Marketing,Clothing,Shirt,3228.32,-2148.41,64,9696.26,9.04,31643.54,166800.5,1.1,54,3.0,Male,Returned,UPI,New,High,Online,PhD,Part-time,Good,India,Zone A,Manager_14,Supplier_14,Brand C,Corporate,Low,Delayed,Silver,Referral,396.02,605.57,177.07,582.55,77.87,524.88,143.31,643.63,922.2,991.87,570.77,792.59,849.26,463.38,201.9,610.48,313.7,787.9,386.46,708.28
474,CUST1474,EMP174,ORD5474,2025-12-27,West,Delhi,Operations,Electronics,Shoes,93769.15,14039.18,69,49260.21,28.6,12946.55,88578.87,5.8,22,4.2,Other,Returned,UPI,Premium,Low,Online,Bachelor,Permanent,Good,India,Zone C,Manager_14,Supplier_9,Brand D,Corporate,High,In Transit,Basic,Direct,755.71,339.56,607.36,669.94,814.51,437.36,231.44,687.61,40.77,972.71,622.48,317.98,524.52,350.16,444.97,982.47,920.33,922.19,844.57,654.76
450,CUST1450,EMP150,ORD5450,2025-12-31,North,Pune,Sales,Electronics,Shirt,8100.3,18834.57,39,15664.4,25.68,58573.51,119801.93,13.4,55,1.4,Other,Completed,Cash,Premium,High,Store,Diploma,Contract,Excellent,India,Zone A,Manager_10,Supplier_15,Brand A,Consumer,Low,In Transit,Silver,Advertisement,633.11,520.09,356.17,305.8,659.6,123.23,136.39,588.11,857.55,268.55,918.08,292.37,359.02,58.63,730.44,209.07,323.72,428.97,343.98,515.64
234,CUST1234,EMP174,ORD5234,2025-12-31,Central,Indore,HR,Furniture,Table,49447.14,4265.03,12,12387.58,12.76,1550.99,36133.4,4.3,36,2.0,Male,Cancelled,Net Banking,Regular,Critical,Online,Master,Permanent,Poor,India,Zone C,Manager_14,Supplier_9,Brand A,Corporate,Medium,Delivered,Silver,Referral,28.26,165.62,944.33,719.2,660.0,881.25,710.14,809.25,785.29,947.12,732.93,78.49,721.47,246.37,289.47,112.2,924.82,63.4,393.51,847.26
47,CUST1047,EMP147,ORD5047,2026-01-02,South,Bengaluru,Marketing,Beauty,Skincare,44134.58,16963.68,11,44709.86,5.1,5860.18,155405.4,2.7,48,2.0,Male,Returned,UPI,Regular,Critical,Store,Bachelor,Contract,Poor,India,Zone B,Manager_7,Supplier_2,Brand E,Small Business,Medium,In Transit,Gold,Website,913.81,288.89,998.2,280.39,350.72,770.03,388.39,547.97,59.54,673.87,911.68,388.16,961.23,499.4,850.93,91.59,502.13,442.54,333.77,746.65
413,CUST1413,EMP113,ORD5413,2026-01-02,Central,Bengaluru,Marketing,Grocery,Shirt,93115.33,1300.88,12,8250.5,26.24,25121.49,157678.25,8.0,44,3.5,Other,Pending,Debit Card,Premium,High,Online,Bachelor,Part-time,Average,India,Zone C,Manager_13,Supplier_8,Brand D,Corporate,Medium,Delayed,Platinum,Advertisement,790.07,195.7,50.58,241.54,886.93,131.85,553.39,273.31,234.53,79.15,804.23,714.26,307.12,618.04,945.3,672.43,285.77,302.61,530.86,321.74
482,CUST1482,EMP102,ORD5482,2026-01-04,South,Indore,Sales,Clothing,Table,53308.37,5070.21,62,1274.27,11.74,50988.06,163704.83,9.5,48,2.1,Other,Completed,Debit Card,Premium,High,Mobile App,Master,Permanent,Average,India,Zone A,Manager_2,Supplier_2,Brand D,Small Business,High,Delayed,Gold,Social Media,827.48,375.04,54.95,552.95,504.07,75.48,920.27,276.87,413.05,704.12,408.01,148.41,114.74,300.63,995.91,115.43,36.61,245.52,832.87,660.27
395,CUST1395,EMP175,ORD5395,2026-01-04,Central,Jaipur,IT,Electronics,Phone,47858.79,18621.2,27,36584.75,2.37,33979.8,134090.22,10.4,48,3.4,Male,Pending,Cash,Premium,Low,Mobile App,Diploma,Contract,Excellent,India,Zone B,Manager_15,Supplier_5,Brand B,Small Business,High,Delivered,Platinum,Direct,958.69,323.66,927.27,271.46,185.22,828.05,931.22,821.08,149.35,950.34,795.83,707.0,727.35,256.34,160.59,18.11,215.41,647.6,124.72,314.0
312,CUST1312,EMP172,ORD5312,2026-01-05,Central,Delhi,HR,Grocery,Headphones,21505.69,14248.96,11,15952.97,0.29,49915.33,48375.72,14.0,41,4.7,Male,Returned,Debit Card,Premium,Low,Mobile App,Diploma,Contract,Poor,India,Zone A,Manager_12,Supplier_12,Brand C,Small Business,Medium,Delayed,Platinum,Referral,784.77,698.23,438.76,947.23,521.82,915.52,5.94,922.12,45.73,735.56,971.65,741.78,172.17,10.2,295.85,269.05,651.59,38.26,250.56,399.98
253,CUST1253,EMP113,ORD5253,2026-01-08,South,Mumbai,HR,Grocery,Phone,815.2,13839.8,54,39717.08,39.83,35309.22,172247.31,9.7,56,2.5,Other,Cancelled,Debit Card,New,Low,Online,Master,Part-time,Excellent,India,Zone D,Manager_13,Supplier_13,Brand D,Small Business,Medium,In Transit,Gold,Referral,614.03,346.58,51.27,876.35,472.71,538.48,158.97,817.59,834.24,157.72,970.98,127.12,439.66,540.11,784.09,629.2,272.25,848.68,324.67,840.41
13,CUST1013,EMP113,ORD5013,2026-01-08,West,Indore,Operations,Clothing,Chair,78985.83,17832.65,49,34383.25,37.72,27077.17,139524.82,4.3,52,3.7,Male,Returned,Net Banking,Premium,Critical,Store,Diploma,Part-time,Good,India,Zone C,Manager_13,Supplier_13,Brand E,Consumer,Low,Delayed,Silver,Referral,870.89,832.23,358.37,796.91,184.95,769.38,265.68,565.2,879.32,683.28,924.79,22.56,781.99,394.11,353.74,457.03,593.34,536.02,887.49,778.56
140,CUST1140,EMP160,ORD5140,2026-01-09,West,Mumbai,Finance,Furniture,Rice,4955.46,19743.64,76,45655.26,30.86,62664.46,121741.68,18.9,48,2.4,Male,Returned,Cash,Premium,High,Mobile App,Bachelor,Permanent,Good,India,Zone B,Manager_20,Supplier_5,Brand D,Consumer,High,Cancelled,Platinum,Advertisement,650.37,289.41,998.84,811.29,672.65,760.81,83.99,101.93,624.74,155.54,203.79,393.41,823.21,506.37,970.24,879.8,572.47,44.87,557.88,568.86
230,CUST1230,EMP170,ORD5230,2026-01-10,Central,Pune,IT,Furniture,Skincare,94936.66,16185.8,38,43668.13,34.8,64114.95,169603.83,6.9,20,3.4,Female,Cancelled,Cash,Regular,High,Online,Diploma,Part-time,Average,India,Zone D,Manager_10,Supplier_5,Brand B,Small Business,High,Cancelled,Platinum,Advertisement,670.19,764.0,382.03,645.1,537.36,757.94,711.51,897.34,894.11,845.34,596.46,344.96,726.76,488.08,682.72,530.76,492.88,51.6,141.05,237.26
385,CUST1385,EMP165,ORD5385,2026-01-11,South,Bengaluru,Finance,Clothing,Skincare,67772.77,3744.87,55,15299.66,20.88,4469.24,141173.17,14.8,26,4.4,Female,Pending,Credit Card,Premium,High,Store,PhD,Permanent,Average,India,Zone B,Manager_5,Supplier_10,Brand B,Consumer,Medium,Delayed,Platinum,Direct,599.18,481.05,727.24,581.38,4.48,186.68,218.55,880.35,908.38,167.74,817.58,610.78,957.6,890.1,580.57,202.97,539.35,367.77,414.35,926.97
131,CUST1131,EMP151,ORD5131,2026-01-12,Central,Bhopal,IT,Clothing,Shoes,89020.38,3857.25,95,31891.03,19.68,4512.78,57245.66,0.0,25,1.2,Male,Cancelled,UPI,Regular,High,Store,Bachelor,Permanent,Good,India,Zone C,Manager_11,Supplier_11,Brand A,Consumer,High,In Transit,Silver,Website,453.3,217.73,839.62,889.14,73.62,284.89,641.69,744.28,863.19,546.14,718.7,993.48,61.1,615.84,510.4,193.04,289.27,22.62,999.9,120.36
88,CUST1088,EMP108,ORD5088,2026-01-14,South,Pune,HR,Electronics,Shirt,40721.85,-4021.46,60,2368.08,3.68,57456.59,119327.45,6.1,19,1.9,Male,Returned,UPI,New,Medium,Online,Diploma,Permanent,Excellent,India,Zone D,Manager_8,Supplier_13,Brand A,Corporate,Low,Delivered,Basic,Advertisement,654.31,806.71,974.32,225.99,73.18,748.56,499.67,960.6,4.4,302.05,812.95,240.55,645.69,681.18,386.56,165.55,730.0,432.95,772.5,312.66
363,CUST1363,EMP143,ORD5363,2026-01-15,Central,Bhopal,Marketing,Clothing,Chair,13428.03,22345.64,13,9984.97,23.51,48429.98,79704.24,10.2,47,3.3,Other,Cancelled,Credit Card,Premium,Critical,Online,Bachelor,Part-time,Average,India,Zone D,Manager_3,Supplier_3,Brand D,Corporate,High,Delivered,Silver,Social Media,390.75,419.39,317.07,937.68,203.89,738.56,486.0,647.66,171.64,384.43,408.68,717.33,671.53,745.78,449.78,520.39,273.67,992.97,26.08,520.48
72,CUST1072,EMP172,ORD5072,2026-01-15,South,Pune,Marketing,Beauty,Rice,95426.3,10440.51,79,46233.67,5.09,61000.49,155854.21,2.2,52,1.8,Female,Cancelled,Cash,Regular,Medium,Online,Master,Permanent,Excellent,India,Zone C,Manager_12,Supplier_12,Brand B,Small Business,Low,Cancelled,Silver,Social Media,391.73,738.83,343.96,780.93,959.94,73.38,760.8,722.3,525.49,382.26,294.62,867.83,738.55,537.35,661.34,232.32,339.57,837.15,913.03,894.62
411,CUST1411,EMP111,ORD5411,2026-01-19,North,Pune,Sales,Grocery,Chair,4075.9,9085.77,20,4750.49,13.99,3859.36,89957.8,19.3,49,3.9,Female,Pending,Credit Card,Regular,Critical,Online,Diploma,Part-time,Excellent,India,Zone D,Manager_11,Supplier_6,Brand B,Small Business,High,Cancelled,Platinum,Website,587.37,611.21,447.38,397.15,582.37,278.63,892.51,574.64,773.26,120.69,29.77,430.67,239.04,898.61,26.29,510.4,898.67,511.36,965.23,63.65
130,CUST1130,EMP150,ORD5130,2026-01-20,South,Delhi,IT,Electronics,Watch,10337.92,5930.63,87,2170.81,12.3,29168.71,82658.43,3.3,31,4.3,Other,Returned,UPI,Regular,High,Store,Diploma,Part-time,Good,India,Zone B,Manager_10,Supplier_10,Brand D,Small Business,Medium,Delayed,Basic,Referral,844.41,945.84,953.57,52.67,626.85,183.56,158.6,48.53,35.47,758.56,215.27,562.08,448.93,498.51,180.23,104.69,709.38,964.74,986.25,860.05
156,CUST1156,EMP176,ORD5156,2026-01-20,South,Indore,Sales,Grocery,Shoes,10973.29,8124.46,10,46955.92,21.79,60359.12,37154.62,8.5,24,4.8,Male,Returned,Net Banking,Regular,Critical,Mobile App,PhD,Contract,Poor,India,Zone A,Manager_16,Supplier_6,Brand A,Corporate,Medium,Delayed,Silver,Referral,863.44,581.51,914.7,953.25,798.7,771.31,140.71,154.16,92.9,996.52,747.64,783.96,649.73,652.26,410.53,82.75,415.73,361.95,315.83,474.42
20,CUST1020,EMP120,ORD5020,2026-01-21,Central,Jaipur,IT,Electronics,Table,26636.23,11405.79,3,25741.15,4.88,12853.82,176951.41,15.7,34,4.4,Female,Completed,Credit Card,New,Critical,Online,Master,Part-time,Average,India,Zone C,Manager_20,Supplier_5,Brand B,Consumer,Medium,Delivered,Gold,Website,77.49,886.53,533.72,291.0,70.2,21.08,561.28,595.5,888.36,805.93,163.81,599.84,572.14,1.24,499.56,327.48,238.78,468.56,633.83,483.35
275,CUST1275,EMP135,ORD5275,2026-01-21,South,Bengaluru,Operations,Furniture,Chair,99059.33,17004.6,83,15658.93,17.65,51456.13,110369.42,0.6,29,4.5,Female,Cancelled,Cash,Regular,Low,Mobile App,Diploma,Part-time,Average,India,Zone D,Manager_15,Supplier_5,Brand A,Corporate,Low,Delivered,Basic,Social Media,614.04,172.92,935.16,983.85,969.57,761.27,510.85,117.91,909.54,577.2,991.79,852.91,755.61,141.72,573.74,410.21,222.92,316.18,11.7,962.65
148,CUST1148,EMP168,ORD5148,2026-01-21,Central,Bengaluru,Sales,Grocery,Shoes,79276.17,10960.65,59,13978.64,37.3,52270.77,39601.8,9.4,29,2.9,Female,Cancelled,Net Banking,Regular,Medium,Mobile App,Bachelor,Permanent,Average,India,Zone C,Manager_8,Supplier_13,Brand D,Small Business,Low,Delayed,Silver,Referral,952.3,778.6,796.55,63.88,770.49,721.48,16.86,527.22,362.62,0.25,224.21,640.95,82.27,780.2,630.05,351.36,437.99,139.71,438.1,748.0
149,CUST1149,EMP169,ORD5149,2026-01-22,South,Bhopal,Sales,Clothing,Laptop,59800.89,12712.93,57,7198.54,20.93,21878.86,57292.17,1.4,19,2.6,Female,Pending,Net Banking,Premium,Critical,Mobile App,Master,Permanent,Average,India,Zone B,Manager_9,Supplier_14,Brand B,Small Business,High,In Transit,Gold,Referral,792.99,248.71,288.22,356.42,965.95,61.97,151.61,219.42,127.78,763.17,673.66,617.08,892.03,643.85,843.18,118.66,573.26,45.53,470.41,175.2
476,CUST1476,EMP176,ORD5476,2026-01-22,South,Indore,HR,Electronics,Headphones,47603.39,-1447.55,10,21774.64,0.58,34156.12,138252.4,2.3,33,1.7,Male,Completed,Net Banking,Premium,Critical,Mobile App,PhD,Permanent,Average,India,Zone D,Manager_16,Supplier_11,Brand A,Consumer,High,Delayed,Basic,Advertisement,958.52,953.66,626.92,204.63,366.02,946.64,466.59,511.83,345.16,253.97,779.36,780.83,736.24,940.49,415.75,575.76,920.02,884.24,520.18,863.07
54,CUST1054,EMP154,ORD5054,2026-01-23,East,Pune,Sales,Beauty,Rice,81911.56,20626.66,48,12707.04,31.39,19231.52,85900.06,12.6,53,4.9,Male,Cancelled,UPI,Premium,Medium,Mobile App,Bachelor,Permanent,Excellent,India,Zone D,Manager_14,Supplier_9,Brand B,Corporate,Medium,In Transit,Gold,Direct,877.76,217.67,426.1,529.9,963.95,311.97,431.65,898.26,544.87,481.49,534.0,421.86,842.43,568.36,22.02,885.05,738.22,258.52,715.96,18.21
40,CUST1040,EMP140,ORD5040,2026-01-23,South,Jaipur,Operations,Clothing,Table,53932.25,8768.9,83,30232.16,32.24,46074.36,83487.15,19.5,51,2.1,Female,Returned,Credit Card,New,High,Online,Master,Contract,Good,India,Zone D,Manager_20,Supplier_10,Brand B,Consumer,High,In Transit,Platinum,Advertisement,49.29,15.42,615.84,893.34,970.79,473.22,783.91,988.66,334.67,21.64,643.64,540.81,67.68,663.71,896.0,440.03,603.9,650.48,794.89,104.17
56,CUST1056,EMP156,ORD5056,2026-01-25,Central,Pune,Marketing,Furniture,Shoes,88046.34,4300.0,96,26145.45,24.22,6915.79,45849.83,14.4,44,4.9,Male,Pending,Cash,Premium,High,Online,Bachelor,Contract,Good,India,Zone B,Manager_16,Supplier_11,Brand E,Corporate,High,In Transit,Basic,Direct,257.74,551.33,624.34,234.95,762.23,585.1,411.32,740.82,381.18,729.44,743.89,985.52,429.85,372.78,536.37,400.89,623.86,482.71,626.8,728.87
223,CUST1223,EMP163,ORD5223,2026-01-27,North,Delhi,HR,Electronics,Rice,74713.07,-1268.52,77,11391.14,21.2,58815.84,121017.54,8.3,59,4.2,Female,Pending,UPI,New,Medium,Store,Diploma,Contract,Poor,India,Zone A,Manager_3,Supplier_13,Brand E,Corporate,Medium,Delivered,Platinum,Website,347.67,215.33,995.05,847.92,308.84,184.54,110.33,26.06,476.91,514.78,952.12,457.78,748.77,550.82,617.92,588.82,74.79,391.22,176.09,66.85
85,CUST1085,EMP105,ORD5085,2026-01-27,South,Delhi,HR,Furniture,Table,59833.99,9446.48,55,23836.82,12.91,15318.1,126500.22,13.8,32,1.9,Male,Cancelled,Net Banking,Regular,Critical,Online,Master,Contract,Good,India,Zone B,Manager_5,Supplier_10,Brand C,Small Business,High,In Transit,Platinum,Direct,307.33,542.1,867.62,94.46,497.94,445.29,51.24,26.45,717.19,122.62,661.19,604.71,725.69,115.83,259.38,914.56,303.7,25.29,313.66,924.77
320,CUST1320,EMP180,ORD5320,2026-01-28,South,Pune,Marketing,Grocery,Phone,84301.96,2485.73,75,15897.68,36.7,28924.42,30896.02,17.4,25,3.2,Other,Completed,Debit Card,Regular,Medium,Online,Diploma,Part-time,Good,India,Zone B,Manager_20,Supplier_5,Brand C,Small Business,Medium,Cancelled,Gold,Social Media,111.31,628.5,827.45,956.53,204.92,160.56,917.36,922.69,719.49,255.31,728.71,180.38,741.09,616.2,331.98,497.41,827.2,471.87,740.36,472.49
277,CUST1277,EMP137,ORD5277,2026-01-28,Central,Bhopal,Marketing,Clothing,Headphones,99467.54,18429.88,68,32742.59,10.58,59719.55,170664.17,5.5,57,4.0,Other,Completed,Net Banking,New,High,Store,Diploma,Permanent,Good,India,Zone D,Manager_17,Supplier_7,Brand A,Small Business,Low,Cancelled,Platinum,Advertisement,433.78,427.2,958.9,794.35,627.32,371.43,551.78,903.72,645.69,491.41,197.21,774.0,913.92,356.98,677.04,380.65,40.45,545.64,933.63,296.97
105,CUST1105,EMP125,ORD5105,2026-01-28,West,Mumbai,HR,Furniture,Skincare,99130.69,23689.6,36,38691.71,16.19,9833.35,69500.56,0.4,27,2.3,Other,Completed,Credit Card,New,High,Mobile App,PhD,Permanent,Average,India,Zone B,Manager_5,Supplier_15,Brand C,Corporate,Low,In Transit,Silver,Social Media,836.71,986.36,540.07,927.84,19.3,471.37,706.69,374.33,792.02,924.6,93.25,541.1,889.29,395.29,230.07,9.67,972.18,911.07,685.17,140.62
442,CUST1442,EMP142,ORD5442,2026-01-28,North,Mumbai,HR,Grocery,Chair,40065.93,3144.96,11,41385.09,5.14,57954.5,107744.68,0.6,59,4.4,Other,Completed,Credit Card,Regular,Low,Mobile App,Bachelor,Part-time,Poor,India,Zone D,Manager_2,Supplier_7,Brand C,Corporate,Medium,Delivered,Platinum,Website,537.12,334.22,20.34,285.73,94.31,468.32,381.34,230.63,515.26,706.23,268.0,90.07,63.13,384.88,821.59,273.32,929.96,918.67,256.0,742.54
388,CUST1388,EMP168,ORD5388,2026-01-29,West,Bhopal,HR,Beauty,Chair,47802.96,1186.52,62,13958.18,38.29,32547.86,100479.94,12.7,30,4.7,Other,Completed,Debit Card,New,High,Store,Bachelor,Contract,Average,India,Zone C,Manager_8,Supplier_13,Brand A,Consumer,Low,Cancelled,Platinum,Advertisement,944.22,558.72,516.8,894.67,155.4,965.46,989.55,493.97,415.48,540.77,433.32,971.48,636.14,512.08,762.42,946.51,843.69,525.21,503.74,598.38
417,CUST1417,EMP117,ORD5417,2026-01-31,South,Bengaluru,IT,Beauty,Shoes,5693.76,7263.32,42,4470.81,2.77,51697.96,155990.03,5.2,48,4.3,Male,Cancelled,UPI,Regular,High,Store,Diploma,Permanent,Poor,India,Zone A,Manager_17,Supplier_12,Brand E,Small Business,Medium,In Transit,Gold,Referral,194.63,110.75,960.92,468.73,152.41,803.75,488.16,72.96,937.47,550.0,269.72,653.29,678.86,642.64,286.4,678.53,609.07,993.42,905.68,245.9
405,CUST1405,EMP105,ORD5405,2026-01-31,North,Kolkata,Finance,Clothing,Table,37430.58,10002.4,95,26814.86,14.18,37540.85,120972.38,19.4,59,2.7,Other,Completed,UPI,Premium,Medium,Online,PhD,Contract,Average,India,Zone D,Manager_5,Supplier_15,Brand D,Small Business,Medium,Delayed,Basic,Website,188.17,961.43,479.63,488.34,48.84,362.74,233.15,935.34,729.04,62.24,608.49,627.34,998.94,125.98,985.67,930.33,699.27,301.76,167.12,595.01
402,CUST1402,EMP102,ORD5402,2026-02-01,Central,Delhi,Marketing,Furniture,Shoes,55430.9,-668.37,84,28354.13,17.36,56411.6,122406.58,16.3,32,3.0,Other,Cancelled,Debit Card,New,Critical,Mobile App,Diploma,Permanent,Good,India,Zone B,Manager_2,Supplier_12,Brand E,Small Business,High,Cancelled,Platinum,Referral,684.21,2.53,500.09,589.04,775.97,590.09,171.28,372.81,193.72,584.91,509.4,606.95,934.61,492.44,381.54,541.07,359.28,138.79,612.9,607.9
371,CUST1371,EMP151,ORD5371,2026-02-01,West,Bhopal,Finance,Furniture,Chair,93663.95,1460.33,26,28314.46,13.0,30216.99,149996.57,12.7,33,3.1,Other,Returned,Cash,New,Low,Store,PhD,Part-time,Good,India,Zone D,Manager_11,Supplier_11,Brand B,Corporate,Medium,In Transit,Gold,Advertisement,417.86,250.37,235.33,281.03,667.61,580.04,449.14,391.98,463.79,498.44,793.52,17.62,475.57,743.36,635.65,17.63,226.85,754.6,845.76,945.37
104,CUST1104,EMP124,ORD5104,2026-02-02,East,Bhopal,HR,Electronics,Headphones,82987.26,1860.83,25,23337.56,39.07,21366.51,148988.43,6.0,31,4.0,Male,Returned,Debit Card,Regular,Medium,Online,Master,Permanent,Poor,India,Zone A,Manager_4,Supplier_14,Brand B,Corporate,Low,Delayed,Basic,Website,72.68,468.08,847.05,466.99,944.27,494.91,511.52,56.95,987.32,480.78,319.42,739.34,525.79,717.3,9.22,845.25,741.81,312.58,626.73,198.66
220,CUST1220,EMP160,ORD5220,2026-02-02,West,Bengaluru,HR,Beauty,Shirt,35669.34,22197.17,59,18140.92,4.66,56569.81,102491.26,0.1,31,1.3,Male,Pending,Cash,Premium,Low,Mobile App,Bachelor,Permanent,Average,India,Zone D,Manager_20,Supplier_10,Brand A,Consumer,High,Delivered,Basic,Advertisement,274.17,64.2,613.46,143.58,433.54,190.75,911.14,977.62,907.58,489.18,616.18,461.86,410.31,741.87,378.15,911.17,831.87,844.51,440.36,734.08
427,CUST1427,EMP127,ORD5427,2026-02-02,East,Bhopal,Sales,Beauty,Table,10436.75,19175.34,20,37978.44,20.53,34858.05,60234.82,13.3,49,2.3,Female,Returned,UPI,New,High,Mobile App,PhD,Part-time,Excellent,India,Zone D,Manager_7,Supplier_7,Brand B,Corporate,Medium,Delivered,Basic,Referral,150.15,270.72,356.56,737.49,457.63,338.59,76.6,891.87,383.5,855.35,13.99,715.28,544.01,249.65,484.26,888.55,969.53,584.26,532.68,488.58
290,CUST1290,EMP150,ORD5290,2026-02-04,East,Jaipur,Marketing,Electronics,Headphones,10888.21,11664.86,87,34099.52,19.13,37224.55,38934.26,18.9,23,3.8,Male,Cancelled,Cash,Regular,Critical,Mobile App,Diploma,Permanent,Average,India,Zone B,Manager_10,Supplier_5,Brand B,Corporate,Low,In Transit,Basic,Direct,130.45,754.52,555.52,741.66,766.7,540.92,434.08,409.08,226.28,148.74,418.52,381.07,990.2,327.89,865.37,336.72,487.52,406.95,863.13,912.03
226,CUST1226,EMP166,ORD5226,2026-02-05,South,Jaipur,Sales,Furniture,Laptop,68235.21,20298.34,8,35015.29,5.93,69565.5,25623.46,1.7,24,4.5,Female,Pending,Net Banking,Premium,Low,Mobile App,PhD,Contract,Poor,India,Zone D,Manager_6,Supplier_1,Brand B,Consumer,Medium,Delivered,Silver,Advertisement,102.58,411.9,885.44,612.86,686.82,699.24,269.35,834.45,944.71,348.5,801.43,488.51,227.7,827.18,912.14,405.53,774.3,867.83,164.34,880.49
166,CUST1166,EMP106,ORD5166,2026-02-05,South,Mumbai,Marketing,Grocery,Watch,41707.95,21881.22,90,9550.73,21.19,16305.71,112818.09,4.6,44,3.4,Female,Completed,Debit Card,New,Critical,Online,Master,Part-time,Excellent,India,Zone C,Manager_6,Supplier_1,Brand D,Corporate,Low,Cancelled,Gold,Referral,23.96,387.85,839.37,968.66,325.98,140.7,76.85,794.63,778.47,48.15,739.29,67.16,56.51,135.23,99.26,348.09,786.29,497.44,61.11,573.07
59,CUST1059,EMP159,ORD5059,2026-02-06,North,Bhopal,Operations,Furniture,Chair,67704.31,18440.47,6,31211.54,24.58,3858.68,28348.52,12.6,35,3.6,Other,Returned,Cash,Premium,Medium,Online,Diploma,Part-time,Excellent,India,Zone A,Manager_19,Supplier_14,Brand C,Corporate,Medium,Delayed,Platinum,Social Media,320.76,680.21,926.21,595.94,545.24,993.36,492.99,776.05,5.21,567.44,801.95,325.65,641.21,843.36,247.69,975.49,815.14,115.87,692.11,65.98
496,CUST1496,EMP116,ORD5496,2026-02-06,North,Bhopal,HR,Beauty,Shoes,90688.89,-4335.76,89,30163.24,12.79,50756.27,115668.65,18.4,31,3.2,Female,Completed,UPI,Regular,Low,Store,Bachelor,Contract,Average,India,Zone D,Manager_16,Supplier_1,Brand A,Small Business,Medium,Cancelled,Gold,Direct,971.07,786.31,184.13,856.13,806.11,32.66,317.79,204.4,496.24,897.61,110.43,578.56,345.89,513.39,507.54,870.24,706.38,433.62,933.75,342.46
157,CUST1157,EMP177,ORD5157,2026-02-07,Central,Bengaluru,Sales,Beauty,Table,17152.29,21482.03,44,22695.4,5.43,7467.83,172539.12,9.0,47,1.8,Male,Cancelled,Net Banking,Regular,Critical,Online,Bachelor,Permanent,Average,India,Zone A,Manager_17,Supplier_7,Brand B,Small Business,Medium,Delivered,Platinum,Social Media,323.04,130.19,674.44,850.45,210.65,411.51,945.16,453.17,63.17,298.82,850.12,780.92,901.21,507.04,118.2,591.1,594.6,314.27,611.62,863.31
178,CUST1178,EMP118,ORD5178,2026-02-07,North,Kolkata,Marketing,Grocery,Shirt,54765.42,6420.69,1,43261.63,22.02,52543.23,104857.17,0.1,18,4.1,Female,Cancelled,Debit Card,Premium,Low,Store,Diploma,Contract,Excellent,India,Zone A,Manager_18,Supplier_13,Brand C,Consumer,Low,Cancelled,Platinum,Advertisement,273.03,881.47,192.58,235.03,956.6,733.86,225.98,656.79,281.34,379.91,89.63,271.22,971.11,157.59,36.73,752.04,706.9,535.45,671.23,603.43
203,CUST1203,EMP143,ORD5203,2026-02-08,North,Delhi,Marketing,Furniture,Table,15476.89,20514.15,1,17821.07,5.41,22879.11,46458.88,3.3,44,4.6,Female,Cancelled,Debit Card,Regular,High,Store,PhD,Part-time,Average,India,Zone A,Manager_3,Supplier_8,Brand D,Small Business,Medium,Delivered,Gold,Referral,76.62,649.24,522.07,746.72,323.47,885.23,827.19,308.87,883.9,335.85,398.36,369.48,95.37,605.91,463.95,172.76,587.94,120.33,150.65,315.54
98,CUST1098,EMP118,ORD5098,2026-02-11,North,Jaipur,IT,Clothing,Phone,12015.89,22067.09,92,46426.34,9.03,65377.23,155257.64,1.4,19,3.1,Other,Completed,Net Banking,Premium,Critical,Online,Bachelor,Part-time,Average,India,Zone C,Manager_18,Supplier_8,Brand B,Small Business,Low,Cancelled,Basic,Advertisement,959.83,321.35,565.54,494.95,831.08,934.16,67.55,292.01,44.66,879.77,928.25,140.03,663.7,545.78,755.34,548.79,414.48,178.95,641.15,59.4
112,CUST1112,EMP132,ORD5112,2026-02-11,South,Delhi,Finance,Electronics,Laptop,91058.4,7825.05,96,2870.7,12.73,16391.79,120798.15,4.4,56,1.0,Male,Completed,UPI,Premium,Low,Mobile App,Master,Contract,Poor,India,Zone A,Manager_12,Supplier_7,Brand C,Corporate,High,In Transit,Gold,Website,439.49,16.17,548.94,558.28,585.51,496.03,99.94,534.97,809.02,554.46,789.32,185.18,690.97,313.41,345.83,737.95,530.81,818.95,846.23,576.97
283,CUST1283,EMP143,ORD5283,2026-02-12,West,Bengaluru,Finance,Furniture,Skincare,7368.44,22441.93,74,12033.21,17.82,43454.87,52529.02,19.2,46,4.4,Female,Returned,UPI,Premium,Critical,Mobile App,Diploma,Permanent,Average,India,Zone D,Manager_3,Supplier_13,Brand C,Consumer,Medium,Cancelled,Platinum,Social Media,449.68,615.07,849.98,85.66,69.59,302.5,378.71,520.37,537.36,663.81,405.0,600.6,560.64,397.82,979.38,203.72,805.94,378.22,190.32,971.07
483,CUST1483,EMP103,ORD5483,2026-02-13,South,Kolkata,Operations,Furniture,Laptop,65270.25,17481.71,87,21538.18,10.64,56939.02,39632.55,7.2,27,3.9,Other,Cancelled,Net Banking,New,Critical,Store,Master,Part-time,Good,India,Zone A,Manager_3,Supplier_3,Brand B,Corporate,High,Delayed,Silver,Referral,360.12,106.93,176.61,696.54,526.69,68.6,427.49,397.68,482.48,661.83,981.81,679.71,603.28,667.26,595.55,744.68,436.15,244.14,152.57,735.0
136,CUST1136,EMP156,ORD5136,2026-02-15,East,Mumbai,Finance,Clothing,Chair,52818.35,-3570.76,36,31018.83,20.94,37151.37,72887.71,9.2,35,4.7,Other,Completed,Credit Card,New,Medium,Online,Master,Part-time,Poor,India,Zone D,Manager_16,Supplier_1,Brand E,Small Business,High,Delayed,Basic,Social Media,808.46,642.93,981.33,859.36,911.27,566.67,355.09,22.34,566.95,491.04,526.18,856.98,30.75,855.47,408.81,885.6,516.06,906.42,956.68,543.82
384,CUST1384,EMP164,ORD5384,2026-02-17,Central,Kolkata,HR,Furniture,Phone,13395.26,24629.79,84,47417.75,14.88,1499.62,61925.05,13.0,57,2.2,Other,Cancelled,UPI,Premium,Low,Online,Master,Contract,Excellent,India,Zone B,Manager_4,Supplier_9,Brand A,Corporate,Low,Delivered,Silver,Referral,491.07,823.8,971.22,964.88,813.64,289.94,900.38,366.01,236.25,143.42,875.06,448.24,59.25,691.93,497.73,749.01,708.73,933.9,330.26,31.64
19,CUST1019,EMP119,ORD5019,2026-02-18,West,Pune,Sales,Grocery,Shirt,97091.24,17825.63,25,20865.65,8.49,3907.18,79235.03,9.3,53,3.8,Other,Pending,Cash,Premium,Critical,Store,Diploma,Part-time,Good,India,Zone B,Manager_19,Supplier_4,Brand A,Small Business,High,Cancelled,Platinum,Website,565.56,49.05,817.48,935.08,894.23,897.3,502.53,979.11,326.88,715.45,314.94,995.89,517.16,750.49,921.83,85.79,754.2,408.39,584.19,880.06
187,CUST1187,EMP127,ORD5187,2026-02-19,South,Bengaluru,IT,Furniture,Shoes,53459.62,5851.31,22,22058.9,2.44,54145.53,179483.09,16.3,28,4.7,Female,Completed,Credit Card,Premium,High,Mobile App,Master,Part-time,Poor,India,Zone C,Manager_7,Supplier_7,Brand C,Small Business,High,Delayed,Gold,Website,659.4,557.66,461.66,939.22,895.03,990.92,26.69,201.53,852.74,774.13,35.81,776.6,16.18,279.29,656.01,693.4,192.89,970.65,637.87,772.32
460,CUST1460,EMP160,ORD5460,2026-02-19,Central,Mumbai,HR,Clothing,Chair,57279.64,6544.11,95,32853.65,10.23,57532.75,158321.76,2.0,26,2.4,Other,Returned,Net Banking,New,Critical,Store,Bachelor,Contract,Poor,India,Zone D,Manager_20,Supplier_10,Brand C,Corporate,Medium,Cancelled,Basic,Website,370.0,371.17,17.57,643.18,760.5,384.34,679.36,651.4,413.31,15.95,7.13,952.87,636.0,698.98,330.91,355.65,790.03,69.45,68.21,468.44
160,CUST1160,EMP180,ORD5160,2026-02-20,Central,Delhi,Finance,Clothing,Shirt,97756.49,4302.54,80,12075.47,36.31,19769.37,127194.13,10.9,47,2.0,Male,Pending,UPI,Regular,Low,Online,Diploma,Part-time,Poor,India,Zone A,Manager_20,Supplier_10,Brand B,Small Business,Low,In Transit,Platinum,Direct,149.1,109.72,181.06,933.52,347.4,532.35,614.42,878.34,964.69,895.87,615.41,581.28,868.83,136.92,340.17,846.21,469.43,13.03,42.13,652.0
367,CUST1367,EMP147,ORD5367,2026-02-21,South,Mumbai,Marketing,Beauty,Watch,90766.38,-2685.64,49,24895.09,17.48,13404.55,177810.96,10.7,48,3.7,Male,Completed,Credit Card,Regular,Low,Mobile App,Bachelor,Permanent,Excellent,India,Zone A,Manager_7,Supplier_7,Brand A,Small Business,High,Cancelled,Basic,Direct,389.16,481.36,854.02,697.14,568.97,858.91,963.77,996.76,635.0,314.41,221.61,742.82,719.48,822.14,407.86,622.69,27.29,937.15,208.33,22.09
378,CUST1378,EMP158,ORD5378,2026-02-22,East,Delhi,IT,Furniture,Rice,67746.85,9805.03,8,2714.33,24.49,42136.75,96335.08,6.0,56,4.0,Other,Pending,Credit Card,New,Low,Online,Diploma,Contract,Good,India,Zone B,Manager_18,Supplier_3,Brand A,Corporate,Low,Delivered,Gold,Advertisement,427.45,292.72,532.51,250.8,768.03,455.6,348.51,798.61,320.36,583.61,446.78,898.24,921.8,594.83,741.87,115.71,771.01,52.97,956.77,669.2
86,CUST1086,EMP106,ORD5086,2026-02-23,West,Jaipur,Finance,Clothing,Table,55183.57,14063.31,62,33752.54,22.17,6261.84,83184.43,5.7,46,1.5,Other,Returned,Debit Card,Premium,Low,Mobile App,Diploma,Permanent,Average,India,Zone A,Manager_6,Supplier_11,Brand C,Small Business,Low,In Transit,Basic,Social Media,938.59,765.5,366.46,370.8,398.84,346.0,682.96,58.06,745.08,296.12,703.49,479.45,692.03,129.95,386.69,418.87,443.32,602.9,454.09,179.54
386,CUST1386,EMP166,ORD5386,2026-02-24,North,Mumbai,Operations,Grocery,Watch,94426.24,18122.28,16,13299.34,2.72,27183.91,135030.64,0.6,58,2.6,Female,Returned,Credit Card,Regular,Critical,Mobile App,Diploma,Part-time,Poor,India,Zone D,Manager_6,Supplier_11,Brand B,Corporate,Low,In Transit,Platinum,Website,95.67,674.03,349.65,908.66,501.23,406.4,625.5,131.79,502.65,45.57,601.56,318.56,147.78,874.11,329.28,862.29,854.59,686.02,433.73,702.06
207,CUST1207,EMP147,ORD5207,2026-02-24,North,Mumbai,Operations,Beauty,Headphones,73590.5,-734.89,70,29112.71,21.01,63299.06,50627.82,13.6,51,2.6,Other,Completed,Net Banking,New,Critical,Store,PhD,Part-time,Average,India,Zone D,Manager_7,Supplier_12,Brand D,Consumer,High,Cancelled,Basic,Direct,760.0,630.42,206.02,33.56,31.53,492.75,596.96,435.29,234.06,950.44,275.64,108.86,815.62,219.98,842.77,798.4,357.35,471.84,625.67,477.01
208,CUST1208,EMP148,ORD5208,2026-02-26,Central,Bhopal,Finance,Beauty,Watch,30398.69,1401.8,21,5382.08,4.45,4898.54,19546.02,6.0,47,2.7,Male,Completed,Credit Card,Premium,Critical,Mobile App,Master,Permanent,Average,India,Zone A,Manager_8,Supplier_13,Brand D,Small Business,Low,Delivered,Silver,Direct,348.99,735.41,654.83,482.95,662.5,889.21,569.05,428.09,830.12,581.15,221.24,32.91,871.91,608.1,152.83,775.41,695.83,498.6,411.16,95.54
447,CUST1447,EMP147,ORD5447,2026-02-26,West,Bengaluru,Sales,Furniture,Shirt,13586.07,19866.14,56,48804.03,14.47,20124.51,118619.22,14.7,33,4.3,Female,Pending,Credit Card,Regular,High,Store,Master,Permanent,Good,India,Zone B,Manager_7,Supplier_12,Brand E,Corporate,Medium,Delayed,Platinum,Website,463.83,217.48,297.34,408.27,843.2,842.36,319.1,494.59,843.48,284.63,638.23,547.72,128.08,428.92,88.15,716.14,252.31,688.6,874.95,112.12
365,CUST1365,EMP145,ORD5365,2026-03-03,West,Indore,Operations,Beauty,Watch,86721.52,5679.13,66,44367.25,13.28,43734.43,19258.2,8.1,52,1.4,Female,Returned,Debit Card,Regular,High,Mobile App,Master,Part-time,Excellent,India,Zone B,Manager_5,Supplier_5,Brand E,Consumer,Low,In Transit,Platinum,Referral,601.47,924.43,690.92,568.77,489.02,16.89,650.57,642.74,532.03,908.29,746.11,13.13,346.13,779.49,560.0,518.52,335.9,453.67,594.93,523.06
49,CUST1049,EMP149,ORD5049,2026-03-04,East,Jaipur,IT,Clothing,Skincare,39981.29,15949.33,46,36500.24,34.52,34046.72,64987.13,7.0,59,2.8,Male,Pending,Net Banking,Premium,Critical,Store,Master,Permanent,Excellent,India,Zone B,Manager_9,Supplier_4,Brand B,Small Business,Medium,Cancelled,Silver,Direct,847.16,762.23,27.63,182.53,577.4,773.42,768.73,817.48,791.34,837.83,766.18,229.99,9.09,805.74,141.05,772.93,194.09,128.4,149.85,659.52
344,CUST1344,EMP124,ORD5344,2026-03-08,North,Bhopal,HR,Beauty,Shoes,16283.1,9941.21,46,41441.56,6.79,5758.67,37364.0,18.7,25,2.6,Other,Pending,Credit Card,Premium,High,Online,Master,Contract,Average,India,Zone B,Manager_4,Supplier_14,Brand E,Corporate,High,Cancelled,Basic,Advertisement,314.55,373.32,94.83,328.1,297.85,516.65,782.99,665.05,736.56,427.25,23.05,724.87,144.73,223.68,857.62,212.04,70.29,576.82,359.88,839.52
333,CUST1333,EMP113,ORD5333,2026-03-11,East,Indore,Marketing,Furniture,Shoes,63890.54,13824.6,64,5469.95,30.27,27869.28,38156.35,12.7,50,3.4,Male,Completed,Debit Card,Premium,Low,Store,Diploma,Contract,Poor,India,Zone C,Manager_13,Supplier_3,Brand E,Small Business,Low,Delayed,Basic,Social Media,113.43,248.54,674.24,318.85,97.58,433.73,189.24,779.21,440.22,524.38,606.09,46.03,659.7,899.85,996.07,696.36,242.67,982.61,949.0,984.06
2,CUST1002,EMP102,ORD5002,2026-03-12,Central,Jaipur,IT,Beauty,Chair,3001.62,16749.44,88,10042.37,5.4,14740.96,26045.16,7.0,27,2.7,Male,Returned,Credit Card,Regular,High,Online,Diploma,Permanent,Excellent,India,Zone B,Manager_2,Supplier_2,Brand D,Consumer,Low,Delayed,Silver,Direct,914.93,142.78,849.54,917.3,473.54,613.05,392.13,691.99,836.31,563.92,40.7,76.57,106.36,866.45,694.26,534.67,85.65,624.02,496.26,18.35
235,CUST1235,EMP175,ORD5235,2026-03-14,Central,Jaipur,Operations,Electronics,Laptop,30593.52,9467.93,43,21235.04,18.8,53285.93,116739.95,15.6,28,4.5,Female,Completed,Debit Card,New,Low,Online,Bachelor,Contract,Poor,India,Zone D,Manager_15,Supplier_10,Brand D,Small Business,Medium,In Transit,Silver,Direct,14.91,204.07,610.75,642.8,288.96,614.91,761.68,820.63,697.14,358.53,234.17,719.79,326.96,507.34,890.16,833.53,228.53,298.7,773.9,26.24
162,CUST1162,EMP102,ORD5162,2026-03-15,West,Jaipur,HR,Electronics,Headphones,14011.01,14219.07,90,13720.2,28.02,52724.12,72909.05,4.7,49,4.6,Other,Cancelled,Cash,New,Low,Online,PhD,Part-time,Good,India,Zone C,Manager_2,Supplier_12,Brand E,Corporate,Medium,Delayed,Gold,Direct,404.31,594.47,950.55,537.84,146.09,342.1,931.79,166.97,875.93,105.64,570.25,459.13,63.72,160.23,429.17,775.14,799.28,942.38,243.38,979.94
495,CUST1495,EMP115,ORD5495,2026-03-17,Central,Indore,HR,Clothing,Watch,52962.89,12262.28,13,39594.03,25.54,20222.79,145833.57,14.5,37,3.4,Female,Pending,UPI,New,Critical,Store,Master,Contract,Good,India,Zone C,Manager_15,Supplier_15,Brand D,Small Business,High,Delayed,Gold,Advertisement,217.26,813.12,882.81,36.25,612.67,506.55,284.66,144.19,199.24,62.22,489.69,428.18,841.21,780.06,291.79,706.56,576.4,652.83,733.28,243.17
145,CUST1145,EMP165,ORD5145,2026-03-18,East,Pune,HR,Beauty,Shirt,38201.57,22930.3,54,17409.61,2.67,3319.81,62386.18,13.7,20,1.7,Other,Cancelled,Net Banking,New,High,Mobile App,Bachelor,Permanent,Excellent,India,Zone D,Manager_5,Supplier_10,Brand E,Corporate,Medium,Cancelled,Silver,Website,437.08,637.39,32.48,758.99,822.54,533.33,670.72,896.75,996.73,533.75,932.95,153.96,425.53,590.22,68.86,69.29,143.65,683.58,552.19,321.86
354,CUST1354,EMP134,ORD5354,2026-03-18,East,Delhi,Operations,Grocery,Shoes,59551.83,24887.87,40,19174.39,38.71,40860.63,141744.75,6.1,28,1.4,Male,Returned,Net Banking,Premium,Critical,Online,Diploma,Permanent,Average,India,Zone C,Manager_14,Supplier_9,Brand D,Corporate,Medium,In Transit,Platinum,Direct,39.39,627.63,21.44,86.59,948.88,458.73,182.6,631.98,955.81,527.37,292.35,20.27,658.36,625.89,32.24,394.55,596.79,931.38,87.86,997.5
303,CUST1303,EMP163,ORD5303,2026-03-20,North,Jaipur,Finance,Beauty,Shirt,86959.95,12860.79,50,14471.47,9.77,17004.49,163107.67,7.0,51,5.0,Male,Pending,Credit Card,Premium,High,Online,PhD,Part-time,Excellent,India,Zone B,Manager_3,Supplier_3,Brand D,Consumer,High,Cancelled,Basic,Advertisement,442.87,112.7,462.53,211.52,119.1,134.3,539.43,882.28,645.53,927.07,381.84,351.32,326.15,713.28,129.55,105.74,366.39,743.76,110.88,206.77
461,CUST1461,EMP161,ORD5461,2026-03-21,East,Bengaluru,Marketing,Clothing,Rice,57025.2,9681.29,82,26804.1,13.1,7186.45,98868.21,0.3,56,2.1,Other,Pending,Debit Card,Regular,Critical,Store,Bachelor,Contract,Average,India,Zone B,Manager_1,Supplier_11,Brand D,Small Business,Low,Delayed,Platinum,Advertisement,284.8,75.35,619.21,882.21,523.18,738.39,487.53,534.9,420.23,853.04,681.7,279.36,946.2,90.1,722.15,434.0,438.71,595.83,78.3,97.7
406,CUST1406,EMP106,ORD5406,2026-03-21,Central,Bengaluru,IT,Clothing,Table,87041.44,18552.93,57,28346.98,12.11,43318.53,178856.84,3.0,29,2.5,Female,Returned,Debit Card,New,Medium,Online,Bachelor,Part-time,Good,India,Zone C,Manager_6,Supplier_1,Brand C,Small Business,Low,Delivered,Basic,Referral,8.3,426.97,887.59,652.69,877.94,16.93,757.31,64.87,242.42,521.87,897.77,848.74,694.93,224.13,980.46,358.83,128.57,467.83,759.58,998.65
329,CUST1329,EMP109,ORD5329,2026-03-23,North,Bhopal,HR,Furniture,Table,86759.88,18169.03,74,32936.94,18.06,14573.29,39288.81,16.6,50,4.2,Female,Cancelled,Cash,Regular,High,Mobile App,Bachelor,Permanent,Good,India,Zone A,Manager_9,Supplier_14,Brand A,Corporate,High,In Transit,Platinum,Social Media,52.97,582.72,100.33,80.87,888.43,593.68,543.54,712.66,604.36,905.08,535.54,23.09,358.4,328.86,17.63,373.7,792.86,598.87,390.39,292.38
468,CUST1468,EMP168,ORD5468,2026-03-27,East,Delhi,Operations,Beauty,Shoes,60811.58,11241.09,31,5952.28,23.59,49853.28,112775.7,6.4,32,3.6,Other,Pending,Debit Card,Premium,Medium,Mobile App,Bachelor,Contract,Good,India,Zone B,Manager_8,Supplier_3,Brand A,Corporate,High,Delivered,Gold,Social Media,312.95,755.14,83.81,485.61,935.66,818.83,888.89,33.29,73.23,504.1,721.25,291.23,58.4,5.07,589.14,946.46,565.93,314.56,168.95,532.42
195,CUST1195,EMP135,ORD5195,2026-03-29,South,Indore,Operations,Grocery,Phone,50990.91,24172.6,70,5934.48,0.01,19633.23,28077.22,18.8,31,1.9,Other,Completed,Credit Card,New,Critical,Store,Bachelor,Permanent,Excellent,India,Zone C,Manager_15,Supplier_15,Brand A,Small Business,Low,Cancelled,Gold,Referral,297.08,895.52,909.04,683.73,249.35,631.07,419.11,685.87,798.68,998.65,912.6,475.15,313.33,171.11,28.91,381.93,828.55,146.15,521.64,814.61
242,CUST1242,EMP102,ORD5242,2026-03-29,West,Pune,Marketing,Grocery,Chair,36545.67,19263.7,67,1459.78,12.28,9816.25,145200.76,14.2,51,3.7,Female,Returned,Net Banking,Regular,Critical,Mobile App,Diploma,Part-time,Good,India,Zone B,Manager_2,Supplier_2,Brand B,Consumer,High,In Transit,Silver,Advertisement,596.14,290.65,241.46,590.66,756.6,475.79,503.93,729.1,584.51,871.36,786.44,192.52,318.93,787.07,958.52,534.88,259.88,720.32,223.77,758.45
340,CUST1340,EMP120,ORD5340,2026-03-29,West,Pune,IT,Furniture,Table,12435.39,13517.47,86,45088.99,37.12,50057.23,162019.97,6.0,23,4.1,Male,Pending,Net Banking,Regular,High,Online,Diploma,Permanent,Poor,India,Zone B,Manager_20,Supplier_10,Brand C,Small Business,Low,Delayed,Basic,Direct,776.14,173.2,338.64,248.9,479.98,526.8,196.69,313.08,96.89,193.24,426.63,574.7,671.33,294.93,319.67,52.48,824.15,292.18,127.18,751.06
410,CUST1410,EMP110,ORD5410,2026-03-31,North,Jaipur,Sales,Furniture,Watch,75525.29,7228.99,94,9802.94,37.55,30070.62,158329.72,7.5,25,3.0,Female,Returned,Debit Card,New,Low,Online,PhD,Part-time,Good,India,Zone C,Manager_10,Supplier_5,Brand B,Consumer,Low,In Transit,Silver,Website,140.32,144.65,571.41,973.75,628.34,307.94,50.6,792.59,958.78,204.01,613.43,676.77,779.76,443.9,395.6,938.42,382.22,865.42,358.64,353.61
48,CUST1048,EMP148,ORD5048,2026-03-31,North,Jaipur,HR,Beauty,Skincare,22241.73,5651.23,53,16940.27,32.01,42037.75,128998.27,18.8,46,2.6,Female,Pending,Debit Card,Premium,Low,Mobile App,Master,Contract,Good,India,Zone D,Manager_8,Supplier_3,Brand E,Small Business,Medium,In Transit,Platinum,Website,967.81,172.22,3.5,975.54,273.38,969.01,503.2,169.56,555.51,43.22,607.88,145.74,245.71,128.15,636.63,336.34,522.08,523.6,854.72,720.25
135,CUST1135,EMP155,ORD5135,2026-04-01,East,Delhi,Operations,Electronics,Laptop,39600.94,19802.4,90,14853.16,22.04,60855.32,25612.79,16.7,38,3.6,Male,Cancelled,UPI,Regular,Medium,Mobile App,Bachelor,Permanent,Excellent,India,Zone C,Manager_15,Supplier_15,Brand C,Small Business,Low,Cancelled,Gold,Referral,983.24,679.87,560.52,552.94,191.7,599.64,445.41,243.72,151.71,54.62,914.19,494.1,138.55,437.65,408.16,420.13,195.71,34.29,753.28,817.89
64,CUST1064,EMP164,ORD5064,2026-04-01,North,Pune,HR,Grocery,Shoes,39292.3,20062.23,92,13341.97,36.97,4551.57,139786.87,14.5,52,4.7,Female,Completed,UPI,Premium,Medium,Online,Diploma,Contract,Good,India,Zone B,Manager_4,Supplier_4,Brand D,Small Business,Medium,Delayed,Basic,Direct,447.54,212.62,62.45,91.94,599.69,914.82,544.57,735.95,467.1,82.2,244.24,360.02,539.52,566.19,644.02,152.26,20.16,585.97,102.12,318.33
473,CUST1473,EMP173,ORD5473,2026-04-01,South,Mumbai,HR,Clothing,Watch,71158.48,-1355.14,62,31931.3,30.91,50507.15,165527.73,0.9,55,1.4,Female,Pending,Net Banking,Regular,Medium,Online,Master,Part-time,Poor,India,Zone C,Manager_13,Supplier_8,Brand B,Corporate,High,In Transit,Platinum,Advertisement,205.63,83.95,308.61,918.98,836.52,889.71,655.56,204.45,205.54,427.31,771.91,533.51,762.04,716.61,882.74,529.72,230.81,40.24,388.39,436.35
389,CUST1389,EMP169,ORD5389,2026-04-02,East,Bhopal,IT,Furniture,Laptop,63616.8,18991.56,7,1892.92,35.61,43382.38,40569.76,18.0,53,2.5,Female,Completed,Cash,Premium,High,Mobile App,PhD,Permanent,Good,India,Zone A,Manager_9,Supplier_14,Brand E,Corporate,High,Delivered,Silver,Advertisement,589.51,58.05,213.45,11.63,649.79,809.28,478.83,276.41,631.01,699.96,547.38,943.43,187.53,830.76,720.88,71.75,293.29,890.42,814.51,429.77
11,CUST1011,EMP111,ORD5011,2026-04-04,South,Pune,IT,Furniture,Table,94836.78,7469.27,7,32837.15,0.74,56282.49,95012.51,15.0,24,3.9,Female,Pending,Net Banking,New,Critical,Mobile App,PhD,Permanent,Poor,India,Zone B,Manager_11,Supplier_11,Brand E,Small Business,Medium,In Transit,Silver,Advertisement,979.42,465.97,939.48,689.99,143.2,99.46,535.11,709.39,423.86,714.72,727.01,975.79,658.78,686.58,46.64,124.85,733.44,547.91,322.32,607.43
228,CUST1228,EMP168,ORD5228,2026-04-05,East,Jaipur,Operations,Electronics,Rice,3928.9,11769.42,97,43186.94,35.15,47213.83,48584.63,12.6,45,4.3,Female,Pending,Cash,New,Low,Store,PhD,Contract,Excellent,India,Zone D,Manager_8,Supplier_3,Brand C,Corporate,Low,Delivered,Gold,Social Media,601.37,404.03,953.05,512.74,349.43,532.23,710.67,460.51,451.86,648.42,699.83,278.73,341.55,850.6,970.8,244.29,804.7,334.18,783.26,970.15
24,CUST1024,EMP124,ORD5024,2026-04-05,North,Jaipur,IT,Furniture,Headphones,27261.42,20918.85,26,25556.4,7.34,50855.18,86842.47,18.6,41,3.9,Other,Returned,UPI,Premium,Critical,Online,Diploma,Contract,Good,India,Zone B,Manager_4,Supplier_9,Brand B,Corporate,High,Delivered,Gold,Direct,792.22,483.35,558.05,335.05,679.07,719.5,773.35,797.6,370.92,695.59,247.18,406.17,656.47,369.6,720.96,443.4,715.87,296.53,359.48,544.55
108,CUST1108,EMP128,ORD5108,2026-04-06,South,Pune,HR,Grocery,Shoes,53483.02,1746.71,58,46126.14,35.65,22894.94,66893.12,19.1,52,2.0,Other,Cancelled,UPI,Premium,Medium,Online,PhD,Contract,Average,India,Zone D,Manager_8,Supplier_3,Brand C,Small Business,Medium,Delivered,Platinum,Social Media,400.22,54.54,582.12,411.35,819.44,785.63,272.38,6.49,489.54,177.7,285.46,561.21,475.98,70.96,104.28,895.15,327.66,290.2,341.04,31.56
100,CUST1100,EMP120,ORD5100,2026-04-07,Central,Bengaluru,Sales,Clothing,Shirt,17598.92,24231.17,98,39820.77,19.2,32868.41,172239.5,16.2,46,3.8,Male,Returned,Credit Card,New,Low,Online,Bachelor,Contract,Poor,India,Zone C,Manager_20,Supplier_10,Brand C,Consumer,Medium,Delivered,Platinum,Referral,885.92,157.69,739.42,747.57,254.34,103.44,984.38,893.98,391.44,625.21,609.3,75.26,823.45,900.78,378.03,999.3,135.91,994.43,825.55,170.9
65,CUST1065,EMP165,ORD5065,2026-04-07,Central,Kolkata,Marketing,Beauty,Shoes,73121.1,18532.63,57,27761.44,13.03,12481.19,164809.83,17.4,25,1.8,Male,Completed,Credit Card,New,High,Online,Diploma,Contract,Poor,India,Zone A,Manager_5,Supplier_5,Brand D,Small Business,Medium,Delivered,Platinum,Referral,917.02,374.34,35.16,685.93,332.17,973.38,205.23,546.5,834.97,328.36,903.58,889.49,183.0,261.91,713.04,44.86,243.51,606.35,899.97,256.69
176,CUST1176,EMP116,ORD5176,2026-04-09,South,Kolkata,Sales,Electronics,Chair,44690.71,11274.13,94,39231.89,12.29,7651.22,93634.25,6.8,39,3.6,Male,Cancelled,Net Banking,New,Low,Online,Bachelor,Part-time,Poor,India,Zone D,Manager_16,Supplier_11,Brand B,Consumer,High,Cancelled,Silver,Website,612.15,947.92,694.97,9.56,19.88,590.99,595.37,111.22,645.49,43.35,529.17,362.41,372.43,748.12,792.49,571.99,502.93,860.37,465.93,583.7
8,CUST1008,EMP108,ORD5008,2026-04-12,West,Pune,HR,Furniture,Shoes,34411.16,9919.37,26,889.58,0.05,47665.51,47095.16,10.8,43,3.0,Other,Pending,UPI,Premium,High,Online,PhD,Contract,Good,India,Zone B,Manager_8,Supplier_8,Brand D,Corporate,Low,Delivered,Basic,Direct,823.03,977.9,870.89,933.47,173.13,951.09,738.66,322.11,890.0,669.95,661.58,921.88,54.96,571.26,457.12,924.64,338.97,406.01,942.2,790.56
419,CUST1419,EMP119,ORD5419,2026-04-14,North,Delhi,HR,Beauty,Laptop,47081.34,-1643.58,29,9743.15,10.18,65716.15,34915.29,0.3,22,1.8,Other,Pending,UPI,Premium,High,Mobile App,Bachelor,Part-time,Excellent,India,Zone B,Manager_19,Supplier_14,Brand E,Small Business,Low,In Transit,Basic,Referral,985.63,173.54,311.25,136.88,132.28,519.09,937.26,299.08,636.94,28.99,610.26,183.66,500.93,535.4,859.53,271.11,651.17,536.33,230.42,308.38
229,CUST1229,EMP169,ORD5229,2026-04-15,East,Kolkata,Sales,Beauty,Shoes,96975.97,10032.64,54,11230.8,22.33,59117.61,85134.16,19.8,22,3.3,Other,Cancelled,UPI,New,Medium,Mobile App,Bachelor,Contract,Average,India,Zone A,Manager_9,Supplier_4,Brand E,Small Business,High,Delivered,Basic,Direct,960.86,678.35,281.83,475.65,705.19,768.41,981.61,429.21,192.41,289.96,958.55,522.64,309.31,803.42,716.53,892.51,173.85,350.95,79.7,597.29
291,CUST1291,EMP151,ORD5291,2026-04-16,North,Indore,HR,Beauty,Laptop,40210.47,694.46,24,47015.14,0.84,52225.66,27354.05,12.6,57,1.7,Male,Returned,UPI,New,High,Mobile App,PhD,Contract,Excellent,India,Zone D,Manager_11,Supplier_6,Brand D,Consumer,High,Delivered,Gold,Social Media,762.69,721.63,824.94,499.4,811.94,573.67,191.98,28.52,975.4,576.79,381.49,774.56,819.37,701.94,43.47,619.15,146.47,906.28,584.44,363.2
141,CUST1141,EMP161,ORD5141,2026-04-17,West,Pune,Sales,Clothing,Shirt,76309.73,10469.78,42,17054.54,26.08,59741.65,155781.68,4.1,51,3.9,Other,Returned,Net Banking,Premium,Medium,Store,Diploma,Contract,Poor,India,Zone C,Manager_1,Supplier_6,Brand A,Corporate,High,Delivered,Basic,Website,756.99,662.43,579.22,216.44,588.69,850.78,890.31,62.72,757.53,963.69,31.11,733.94,708.71,490.2,943.5,444.67,425.45,561.95,466.45,257.47
81,CUST1081,EMP101,ORD5081,2026-04-17,Central,Delhi,HR,Beauty,Shoes,66696.56,24702.59,78,35233.76,11.53,44720.71,61991.17,16.8,32,3.9,Other,Cancelled,Cash,New,Medium,Mobile App,Master,Permanent,Good,India,Zone B,Manager_1,Supplier_6,Brand E,Consumer,Low,In Transit,Silver,Social Media,37.78,134.24,110.28,445.43,361.24,71.9,398.63,407.44,571.68,316.33,92.91,54.39,545.25,646.97,527.04,314.78,492.66,595.5,33.34,951.88
185,CUST1185,EMP125,ORD5185,2026-04-18,South,Bengaluru,Operations,Furniture,Chair,98020.84,13853.02,27,15012.97,3.07,57073.54,129637.62,4.5,38,4.3,Other,Completed,Net Banking,Regular,Critical,Store,Bachelor,Permanent,Excellent,India,Zone C,Manager_5,Supplier_5,Brand B,Consumer,Medium,Delayed,Platinum,Social Media,873.04,438.43,54.52,243.45,974.61,989.21,559.06,842.97,390.64,626.95,231.33,116.25,950.84,11.56,608.07,430.99,597.21,494.84,57.53,980.65
126,CUST1126,EMP146,ORD5126,2026-04-18,North,Indore,Sales,Grocery,Table,38731.84,3870.84,29,20987.26,3.7,11805.44,179597.94,16.7,30,2.8,Other,Completed,Cash,New,High,Online,Master,Contract,Good,India,Zone C,Manager_6,Supplier_6,Brand D,Small Business,Low,In Transit,Gold,Advertisement,557.22,255.23,634.44,834.26,523.97,867.4,868.85,534.82,584.47,613.29,977.32,948.36,737.03,292.91,925.35,281.89,894.68,17.79,763.19,464.48
214,CUST1214,EMP154,ORD5214,2026-04-18,North,Mumbai,Operations,Furniture,Shirt,85329.5,8059.73,46,47138.69,24.8,30028.05,71335.36,17.4,24,3.2,Female,Completed,Net Banking,New,Critical,Online,Bachelor,Part-time,Poor,India,Zone A,Manager_14,Supplier_4,Brand A,Corporate,Medium,Cancelled,Platinum,Website,269.36,358.76,171.51,497.25,690.55,332.76,640.35,608.73,888.73,491.79,147.38,644.96,686.66,110.6,929.25,183.95,695.31,930.97,338.56,828.66
317,CUST1317,EMP177,ORD5317,2026-04-19,West,Bhopal,Marketing,Clothing,Skincare,26983.72,15161.68,54,2605.7,8.07,36258.81,47494.23,8.8,56,1.3,Other,Returned,Net Banking,Regular,Low,Store,Master,Part-time,Good,India,Zone C,Manager_17,Supplier_2,Brand C,Small Business,Low,Cancelled,Silver,Social Media,271.27,306.06,270.47,211.98,97.67,932.43,892.66,217.23,822.62,533.08,91.07,614.43,228.17,503.56,733.22,665.93,990.33,502.28,647.52,45.46
343,CUST1343,EMP123,ORD5343,2026-04-19,Central,Pune,IT,Clothing,Phone,40443.84,14949.84,93,28014.33,26.9,19837.52,61217.07,17.1,37,3.3,Other,Pending,Cash,New,Critical,Online,Diploma,Part-time,Good,India,Zone C,Manager_3,Supplier_13,Brand E,Corporate,High,Cancelled,Basic,Advertisement,595.81,837.01,265.75,574.76,915.99,771.89,923.6,836.9,996.24,633.85,782.38,330.29,98.89,217.42,357.07,417.61,615.49,162.13,92.36,16.62
362,CUST1362,EMP142,ORD5362,2026-04-20,Central,Bengaluru,Operations,Beauty,Phone,82758.11,-3499.44,94,15294.18,8.31,34168.17,155691.33,2.0,21,4.3,Other,Pending,Cash,Premium,Medium,Mobile App,Diploma,Contract,Average,India,Zone B,Manager_2,Supplier_2,Brand E,Consumer,Medium,Cancelled,Basic,Advertisement,329.71,467.84,712.19,879.32,192.93,835.81,375.18,979.69,789.85,549.22,247.74,971.91,685.05,312.18,396.55,710.02,786.88,842.63,651.93,12.12
28,CUST1028,EMP128,ORD5028,2026-04-20,West,Jaipur,Operations,Furniture,Laptop,4456.71,-890.03,28,20198.51,1.11,21997.33,170892.05,13.2,19,3.2,Other,Completed,Cash,New,High,Store,Diploma,Contract,Poor,India,Zone C,Manager_8,Supplier_13,Brand B,Corporate,Medium,Delayed,Gold,Referral,90.84,832.85,282.63,378.17,150.73,322.56,485.37,862.31,436.05,394.85,729.25,534.74,644.43,425.46,679.16,513.9,91.96,191.6,815.34,475.48
472,CUST1472,EMP172,ORD5472,2026-04-21,South,Kolkata,Finance,Grocery,Watch,89995.79,21449.87,96,25403.41,28.92,8586.9,61277.34,8.4,51,3.1,Other,Cancelled,Cash,New,Low,Online,Diploma,Contract,Excellent,India,Zone D,Manager_12,Supplier_7,Brand C,Corporate,Low,In Transit,Silver,Direct,456.11,113.94,445.97,253.51,829.52,419.84,941.82,750.08,873.16,539.42,350.2,189.27,378.35,836.72,868.63,603.8,622.69,882.12,551.9,145.51
31,CUST1031,EMP131,ORD5031,2026-04-21,Central,Indore,Finance,Electronics,Laptop,24266.24,6755.75,65,37105.97,33.68,576.35,81708.36,14.0,55,3.5,Male,Completed,Credit Card,Premium,Critical,Store,Diploma,Permanent,Good,India,Zone D,Manager_11,Supplier_1,Brand E,Small Business,Low,In Transit,Gold,Referral,859.53,231.97,755.68,754.93,210.88,831.14,345.05,597.15,142.11,692.58,479.17,146.87,575.44,242.04,942.15,220.65,822.95,670.51,665.86,518.36
251,CUST1251,EMP111,ORD5251,2026-04-22,South,Delhi,Sales,Clothing,Rice,99614.23,20520.41,59,3914.35,18.78,68657.49,94504.26,4.9,42,2.4,Other,Cancelled,Net Banking,Premium,Medium,Store,Master,Part-time,Good,India,Zone B,Manager_11,Supplier_11,Brand C,Small Business,High,Cancelled,Gold,Website,231.18,655.02,99.06,687.77,69.58,535.63,493.2,378.69,388.18,643.32,915.19,990.38,783.24,528.4,122.36,380.67,782.9,310.0,136.35,766.62
281,CUST1281,EMP141,ORD5281,2026-04-22,Central,Kolkata,Finance,Beauty,Watch,34507.35,4757.62,43,42258.63,37.42,58057.63,129510.82,12.4,26,1.1,Female,Cancelled,UPI,Regular,Medium,Mobile App,PhD,Permanent,Good,India,Zone B,Manager_1,Supplier_11,Brand A,Consumer,Medium,In Transit,Silver,Referral,588.79,813.98,568.82,168.57,813.34,657.49,243.0,83.19,627.94,175.32,457.26,359.83,240.32,515.52,271.37,409.15,665.26,982.59,561.69,378.88
58,CUST1058,EMP158,ORD5058,2026-04-22,South,Mumbai,Finance,Clothing,Table,3451.99,8747.04,22,37608.64,33.5,23038.39,44665.08,12.1,49,1.1,Male,Completed,UPI,Premium,Low,Mobile App,Bachelor,Contract,Good,India,Zone B,Manager_18,Supplier_13,Brand B,Small Business,Medium,Cancelled,Silver,Website,94.99,705.5,503.27,155.45,204.27,889.1,999.81,54.74,883.88,342.47,294.79,778.58,47.55,517.47,501.5,98.09,321.91,384.23,967.12,24.83
241,CUST1241,EMP101,ORD5241,2026-04-26,Central,Indore,HR,Clothing,Table,91914.1,21380.23,74,5873.5,14.39,51677.84,165236.2,10.3,24,2.2,Other,Completed,UPI,New,Low,Online,Bachelor,Permanent,Good,India,Zone D,Manager_1,Supplier_1,Brand D,Consumer,Low,In Transit,Gold,Referral,673.39,455.05,350.65,559.96,169.52,697.5,210.97,240.04,297.51,941.02,611.21,835.13,166.43,776.88,269.03,242.61,633.02,208.27,681.11,218.79
420,CUST1420,EMP120,ORD5420,2026-04-29,Central,Mumbai,Operations,Furniture,Table,58127.94,10492.73,19,2622.9,18.92,34516.13,110175.28,1.0,30,3.9,Other,Returned,Cash,Regular,Low,Store,Bachelor,Permanent,Poor,India,Zone D,Manager_20,Supplier_15,Brand A,Small Business,High,Delayed,Basic,Direct,882.4,373.3,509.89,687.6,114.11,810.4,586.27,452.37,746.46,573.38,170.0,9.95,363.83,277.29,591.07,543.79,765.46,990.37,232.68,362.74
111,CUST1111,EMP131,ORD5111,2026-04-30,East,Bhopal,Sales,Furniture,Table,40237.19,11899.74,39,10072.08,19.06,60388.51,83291.07,15.5,20,3.2,Male,Pending,UPI,New,Low,Online,Master,Part-time,Average,India,Zone A,Manager_11,Supplier_6,Brand D,Small Business,Medium,In Transit,Basic,Social Media,974.24,404.02,675.35,857.41,216.76,208.67,773.14,848.09,441.15,545.19,21.79,838.48,957.11,955.48,934.46,361.56,672.96,765.59,222.76,110.32
36,CUST1036,EMP136,ORD5036,2026-04-30,East,Kolkata,HR,Clothing,Phone,47239.5,7200.22,51,42727.61,19.7,55674.56,74732.19,2.1,50,2.4,Other,Returned,Cash,New,High,Online,PhD,Part-time,Excellent,India,Zone C,Manager_16,Supplier_6,Brand B,Corporate,High,Delivered,Silver,Referral,549.16,694.97,884.47,831.44,532.4,544.25,452.09,438.12,491.49,906.67,78.81,321.18,428.13,192.23,581.02,192.1,482.08,508.82,214.49,869.82
325,CUST1325,EMP105,ORD5325,2026-05-03,North,Mumbai,Sales,Electronics,Headphones,41904.08,13367.74,41,39070.1,18.05,25291.54,90917.8,12.4,51,3.0,Male,Cancelled,Net Banking,New,High,Mobile App,PhD,Part-time,Excellent,India,Zone D,Manager_5,Supplier_10,Brand C,Corporate,Low,Cancelled,Gold,Advertisement,898.23,588.64,693.63,827.87,271.89,888.08,577.66,751.03,932.13,545.47,404.24,451.19,166.36,277.23,138.95,691.9,877.31,36.75,10.72,657.55
183,CUST1183,EMP123,ORD5183,2026-05-04,South,Delhi,Sales,Furniture,Skincare,97088.84,10527.89,21,37897.48,32.63,51762.49,95025.1,17.7,24,4.0,Other,Returned,UPI,Premium,High,Online,Diploma,Contract,Average,India,Zone C,Manager_3,Supplier_3,Brand D,Small Business,Medium,In Transit,Platinum,Website,186.51,31.46,997.65,410.9,719.17,835.03,491.27,291.08,979.8,52.78,933.66,707.89,532.89,925.45,264.98,473.51,576.95,178.63,9.99,895.48
274,CUST1274,EMP134,ORD5274,2026-05-05,North,Mumbai,HR,Clothing,Shoes,79442.7,18545.85,10,46861.74,7.88,67876.15,128112.17,12.5,19,3.4,Male,Returned,Debit Card,New,Low,Store,Bachelor,Permanent,Excellent,India,Zone B,Manager_14,Supplier_4,Brand D,Consumer,Medium,Delivered,Platinum,Website,702.85,639.62,235.64,573.22,458.92,345.45,423.69,930.03,312.23,297.09,409.19,156.77,65.69,724.36,812.37,456.24,193.73,509.0,508.18,233.69
89,CUST1089,EMP109,ORD5089,2026-05-05,South,Pune,Operations,Beauty,Headphones,32447.57,-3268.91,75,32365.36,32.61,47397.46,43086.93,15.2,37,4.7,Male,Completed,Cash,New,Low,Online,Diploma,Contract,Poor,India,Zone D,Manager_9,Supplier_14,Brand A,Small Business,Medium,Delayed,Platinum,Direct,80.03,16.54,17.17,656.41,89.48,902.22,746.75,688.41,0.33,713.96,678.54,274.02,402.42,372.68,204.65,434.94,184.51,488.47,481.14,130.16
435,CUST1435,EMP135,ORD5435,2026-05-07,East,Kolkata,Sales,Furniture,Shirt,73751.94,21179.07,3,45549.05,12.76,40915.96,90781.44,4.3,50,1.0,Other,Cancelled,Cash,New,High,Mobile App,PhD,Contract,Excellent,India,Zone A,Manager_15,Supplier_15,Brand D,Corporate,Low,In Transit,Gold,Referral,789.95,884.07,197.58,456.24,423.52,988.76,564.22,773.52,16.04,662.5,697.33,353.93,778.58,630.09,583.32,70.99,112.77,220.61,998.07,667.81
18,CUST1018,EMP118,ORD5018,2026-05-07,West,Bhopal,Finance,Beauty,Chair,78781.66,22859.81,43,34956.68,26.02,23066.21,152132.19,17.2,38,2.9,Male,Completed,Net Banking,New,Medium,Mobile App,Bachelor,Part-time,Good,India,Zone C,Manager_18,Supplier_3,Brand B,Consumer,Medium,Cancelled,Platinum,Social Media,689.84,985.97,452.1,107.91,358.09,995.86,127.05,615.05,39.13,290.88,621.76,923.54,754.93,940.75,411.44,938.33,269.15,913.24,629.12,920.29
382,CUST1382,EMP162,ORD5382,2026-05-08,West,Indore,IT,Clothing,Watch,18689.32,10408.33,30,11826.21,10.91,52163.27,32509.7,8.2,59,1.5,Male,Completed,Debit Card,Regular,Critical,Online,Bachelor,Contract,Excellent,India,Zone B,Manager_2,Supplier_7,Brand C,Corporate,Medium,In Transit,Platinum,Advertisement,256.42,413.64,323.85,876.49,780.23,210.69,325.84,157.18,258.62,335.96,561.05,909.61,834.57,114.88,951.41,606.86,325.95,720.93,806.85,903.75
73,CUST1073,EMP173,ORD5073,2026-05-08,South,Jaipur,Marketing,Beauty,Chair,72278.65,19248.26,20,39312.05,5.05,20331.92,74029.13,4.1,28,3.1,Female,Completed,UPI,New,Low,Online,Bachelor,Part-time,Excellent,India,Zone D,Manager_13,Supplier_13,Brand E,Consumer,High,Cancelled,Basic,Advertisement,589.27,211.53,908.13,991.51,379.09,405.23,452.73,815.07,331.39,647.58,7.54,301.54,479.35,462.06,652.11,279.57,895.56,318.01,78.51,936.77
449,CUST1449,EMP149,ORD5449,2026-05-11,Central,Bengaluru,IT,Electronics,Skincare,57747.86,10647.98,10,16931.82,10.14,52386.32,163758.38,10.4,25,2.9,Male,Returned,Credit Card,Regular,Critical,Mobile App,Master,Part-time,Good,India,Zone B,Manager_9,Supplier_14,Brand D,Corporate,Low,Delayed,Silver,Website,337.33,959.84,381.44,297.12,790.11,575.48,49.24,985.34,260.49,312.09,225.95,166.42,630.24,579.36,852.13,933.56,303.89,446.84,331.09,609.47
360,CUST1360,EMP140,ORD5360,2026-05-12,West,Pune,Sales,Electronics,Shoes,8730.19,14619.82,56,23036.58,2.04,61096.55,83627.5,0.1,57,4.3,Female,Pending,Net Banking,Regular,Medium,Store,Master,Contract,Excellent,India,Zone D,Manager_20,Supplier_15,Brand C,Consumer,Medium,Cancelled,Gold,Social Media,930.01,178.53,172.45,768.25,171.83,472.08,362.15,226.46,927.77,648.73,523.19,285.66,629.11,749.1,43.85,24.43,593.48,616.3,633.79,707.76
144,CUST1144,EMP164,ORD5144,2026-05-12,East,Kolkata,Operations,Electronics,Skincare,51965.32,3700.88,11,27196.77,18.97,19453.21,123881.06,10.9,31,2.4,Male,Cancelled,Debit Card,Regular,High,Online,Diploma,Contract,Excellent,India,Zone C,Manager_4,Supplier_9,Brand C,Corporate,Medium,In Transit,Platinum,Referral,810.82,682.96,274.57,188.91,491.94,498.57,140.04,918.72,354.0,639.75,469.39,355.24,889.09,111.17,673.65,694.22,229.21,403.88,960.11,122.89
259,CUST1259,EMP119,ORD5259,2026-05-12,West,Delhi,Operations,Electronics,Shirt,3563.61,742.83,38,17980.9,13.67,49095.38,90503.4,10.0,21,4.4,Other,Pending,Credit Card,Premium,High,Mobile App,Diploma,Part-time,Poor,India,Zone B,Manager_19,Supplier_4,Brand D,Consumer,Medium,Delivered,Gold,Referral,879.42,94.28,434.24,25.96,30.42,875.65,108.56,685.03,653.34,310.76,238.39,711.23,924.74,991.27,901.99,673.9,72.03,401.07,574.6,604.62
375,CUST1375,EMP155,ORD5375,2026-05-14,East,Bhopal,HR,Furniture,Headphones,56680.59,4991.05,43,34551.25,19.59,58322.32,127697.48,7.3,28,4.2,Female,Completed,Net Banking,Premium,High,Mobile App,Master,Contract,Average,India,Zone D,Manager_15,Supplier_15,Brand D,Corporate,High,Cancelled,Basic,Social Media,292.45,984.02,404.52,84.76,859.85,538.14,890.68,334.45,622.59,613.11,232.18,631.54,974.27,934.9,237.19,72.29,256.13,780.81,395.01,538.99
84,CUST1084,EMP104,ORD5084,2026-05-14,North,Bhopal,Operations,Clothing,Laptop,9682.34,10381.61,59,35435.28,0.55,67167.11,95164.22,17.9,54,4.4,Other,Cancelled,Credit Card,Premium,Low,Online,Master,Part-time,Poor,India,Zone D,Manager_4,Supplier_9,Brand E,Consumer,High,In Transit,Silver,Referral,873.67,655.59,692.91,927.73,915.69,766.08,177.8,407.6,572.67,338.12,536.06,479.93,760.53,989.56,227.46,890.76,46.81,404.95,823.57,261.74
452,CUST1452,EMP152,ORD5452,2026-05-15,West,Indore,HR,Clothing,Shoes,37089.5,5343.44,49,5645.74,19.78,65008.92,24278.62,5.2,46,4.2,Female,Completed,UPI,New,High,Store,PhD,Part-time,Average,India,Zone D,Manager_12,Supplier_2,Brand D,Consumer,Medium,Cancelled,Platinum,Website,608.69,521.42,318.28,723.8,75.64,731.97,843.11,563.72,16.83,378.75,794.95,792.22,322.84,745.8,339.68,773.48,133.93,175.31,455.48,521.08
381,CUST1381,EMP161,ORD5381,2026-05-16,East,Delhi,Marketing,Furniture,Phone,87613.37,6923.44,90,3932.69,32.42,2970.67,160186.13,17.2,56,3.1,Male,Pending,Debit Card,Premium,Critical,Store,PhD,Permanent,Poor,India,Zone C,Manager_1,Supplier_6,Brand E,Corporate,Low,In Transit,Basic,Social Media,469.8,955.41,1.33,762.17,65.14,673.84,691.39,811.02,844.81,705.86,883.18,723.87,461.05,967.79,829.15,60.4,911.55,315.2,189.59,836.0
97,CUST1097,EMP117,ORD5097,2026-05-18,East,Mumbai,Marketing,Electronics,Phone,14317.7,20418.15,9,42663.8,39.55,65280.98,89738.36,15.5,45,2.3,Male,Returned,Debit Card,Regular,Critical,Mobile App,PhD,Permanent,Average,India,Zone D,Manager_17,Supplier_7,Brand C,Consumer,Low,Delivered,Gold,Advertisement,979.25,863.96,181.25,592.66,981.61,630.61,203.16,186.13,379.96,116.46,715.16,852.63,178.96,410.78,142.89,719.27,230.34,251.01,156.55,365.32
103,CUST1103,EMP123,ORD5103,2026-05-18,East,Indore,Finance,Furniture,Chair,53234.16,17553.17,48,16866.75,33.19,10025.4,153854.64,19.0,35,4.0,Female,Completed,Net Banking,Premium,Critical,Online,Diploma,Permanent,Excellent,India,Zone B,Manager_3,Supplier_13,Brand B,Consumer,Medium,Delivered,Platinum,Direct,624.29,432.64,638.74,549.67,208.74,170.11,848.75,86.51,544.78,546.93,968.84,941.22,876.14,375.3,288.16,682.41,899.59,409.93,300.03,482.25
222,CUST1222,EMP162,ORD5222,2026-05-19,South,Bhopal,Sales,Furniture,Watch,4279.17,18465.14,71,29295.41,11.82,37639.19,173749.16,1.5,21,2.6,Other,Pending,UPI,New,Critical,Mobile App,Master,Permanent,Poor,India,Zone D,Manager_2,Supplier_12,Brand C,Corporate,Low,Delayed,Platinum,Advertisement,114.05,718.79,653.8,661.44,704.82,602.63,770.73,407.25,205.7,395.62,988.25,455.71,366.9,294.69,305.0,406.97,63.11,134.37,701.78,270.84
34,CUST1034,EMP134,ORD5034,2026-05-20,Central,Kolkata,Sales,Grocery,Shirt,47560.65,14096.16,80,42749.7,26.91,56864.23,74083.9,6.9,23,3.9,Other,Completed,Cash,Regular,Medium,Online,Diploma,Permanent,Good,India,Zone A,Manager_14,Supplier_4,Brand C,Corporate,Medium,Cancelled,Silver,Website,334.08,507.86,527.91,387.58,78.11,894.05,49.19,467.81,237.52,826.69,870.3,139.64,407.01,329.01,56.84,928.15,279.53,91.13,993.01,904.67
479,CUST1479,EMP179,ORD5479,2026-05-20,North,Bengaluru,Sales,Furniture,Chair,58429.77,7.93,99,33301.72,15.5,28611.48,118686.03,11.6,49,3.2,Male,Returned,Credit Card,Regular,High,Online,Bachelor,Contract,Excellent,India,Zone A,Manager_19,Supplier_14,Brand A,Consumer,Low,Delivered,Platinum,Advertisement,940.72,517.65,330.36,839.86,833.61,467.89,825.97,500.26,309.33,522.83,865.37,694.28,956.66,463.33,788.14,15.22,22.81,671.67,43.07,59.14
124,CUST1124,EMP144,ORD5124,2026-05-21,North,Pune,Finance,Furniture,Shoes,59233.41,1133.83,92,4468.68,17.04,36976.7,119649.8,11.5,49,4.0,Other,Cancelled,Net Banking,Premium,Medium,Store,Master,Contract,Poor,India,Zone A,Manager_4,Supplier_4,Brand E,Corporate,Low,Delayed,Silver,Website,238.26,661.77,537.33,374.85,288.83,611.53,383.87,284.34,381.87,633.71,105.22,138.37,465.24,160.36,706.04,481.71,579.63,70.91,508.29,544.24
285,CUST1285,EMP145,ORD5285,2026-05-21,Central,Bengaluru,Marketing,Beauty,Laptop,93740.56,8503.5,43,38701.25,9.9,33523.31,172846.59,14.3,27,1.0,Other,Completed,Cash,Regular,Critical,Mobile App,PhD,Contract,Poor,India,Zone C,Manager_5,Supplier_15,Brand B,Consumer,Medium,Delayed,Basic,Direct,161.62,835.95,508.16,291.72,764.4,382.97,912.86,707.54,56.21,481.55,533.04,796.6,757.81,330.85,326.0,687.09,105.47,663.32,757.55,896.06
412,CUST1412,EMP112,ORD5412,2026-05-21,East,Bhopal,Marketing,Clothing,Rice,39776.07,-4150.66,53,20583.74,9.75,1643.8,40202.55,5.5,31,5.0,Male,Returned,Net Banking,New,Medium,Mobile App,Bachelor,Contract,Good,India,Zone C,Manager_12,Supplier_7,Brand D,Consumer,Low,In Transit,Silver,Social Media,200.97,933.26,659.13,598.99,986.9,393.45,227.03,83.66,905.99,511.0,504.15,114.68,256.97,677.32,224.35,467.41,243.96,618.95,697.96,295.98
481,CUST1481,EMP101,ORD5481,2026-05-23,East,Mumbai,Finance,Electronics,Headphones,24296.3,3028.02,60,32278.58,12.35,9632.29,90063.98,3.8,39,2.5,Male,Completed,Debit Card,New,Low,Store,PhD,Contract,Excellent,India,Zone D,Manager_1,Supplier_1,Brand B,Consumer,High,Cancelled,Platinum,Social Media,871.27,978.46,888.99,931.03,630.75,790.75,808.59,587.97,172.59,830.07,783.67,625.67,457.75,542.2,610.31,98.31,862.01,918.05,838.09,857.77
50,CUST1050,EMP150,ORD5050,2026-05-24,Central,Kolkata,Operations,Electronics,Chair,4916.58,6856.18,30,28703.84,6.03,38260.05,50637.16,8.9,49,4.6,Other,Cancelled,Cash,Regular,Low,Store,Bachelor,Part-time,Average,India,Zone D,Manager_10,Supplier_5,Brand C,Small Business,Low,Cancelled,Silver,Advertisement,309.76,990.11,823.84,361.09,933.5,243.35,877.55,368.88,573.83,169.62,739.93,618.09,433.81,617.05,649.66,716.29,689.49,359.49,945.93,766.24
213,CUST1213,EMP153,ORD5213,2026-05-25,East,Pune,Operations,Electronics,Rice,15224.42,15131.66,60,28072.93,1.52,13025.93,91990.36,19.6,51,3.9,Other,Returned,UPI,Regular,Medium,Store,Bachelor,Part-time,Average,India,Zone D,Manager_13,Supplier_3,Brand A,Consumer,High,Delivered,Silver,Website,923.14,240.32,22.35,407.94,729.24,516.12,273.33,323.94,528.14,573.95,573.86,468.08,181.64,732.69,595.87,289.76,185.72,29.09,846.52,187.48
147,CUST1147,EMP167,ORD5147,2026-05-25,South,Delhi,Finance,Furniture,Rice,38894.51,11401.02,8,39744.59,11.83,46289.82,97254.82,10.4,53,3.5,Female,Completed,Credit Card,Premium,High,Mobile App,Bachelor,Part-time,Good,India,Zone D,Manager_7,Supplier_12,Brand D,Small Business,Medium,Cancelled,Platinum,Social Media,564.44,586.02,275.73,514.77,984.69,41.6,438.38,907.73,24.46,627.45,77.41,960.19,442.86,934.33,916.11,338.0,668.95,132.95,319.82,381.08
30,CUST1030,EMP130,ORD5030,2026-05-26,West,Bengaluru,IT,Electronics,Shirt,90784.33,10816.98,56,46622.91,32.27,27939.81,34291.16,15.0,45,4.0,Female,Completed,UPI,Regular,Critical,Mobile App,Bachelor,Permanent,Poor,India,Zone D,Manager_10,Supplier_15,Brand E,Small Business,Low,Delivered,Platinum,Advertisement,239.61,913.25,18.35,912.9,93.49,145.57,124.42,514.27,589.34,156.83,365.16,896.49,618.02,976.42,410.6,162.94,978.1,282.31,817.04,701.28
453,CUST1453,EMP153,ORD5453,2026-05-26,North,Bhopal,Marketing,Grocery,Table,18583.05,8855.3,36,32440.44,4.87,51738.17,98926.83,5.9,58,3.1,Other,Completed,Cash,New,Low,Online,Master,Part-time,Good,India,Zone D,Manager_13,Supplier_3,Brand C,Corporate,High,Delayed,Basic,Advertisement,152.65,778.99,621.13,669.72,462.83,42.84,10.61,76.87,390.29,633.34,966.67,62.05,168.94,186.5,379.91,726.57,760.53,89.58,337.04,990.52
170,CUST1170,EMP110,ORD5170,2026-05-26,South,Pune,Finance,Beauty,Headphones,49041.19,-1239.31,96,32411.07,33.33,5202.95,147177.89,2.1,41,3.7,Female,Cancelled,UPI,Regular,Critical,Store,Master,Contract,Excellent,India,Zone D,Manager_10,Supplier_5,Brand E,Corporate,Low,Delivered,Basic,Advertisement,51.72,756.59,483.99,204.26,972.16,462.53,383.72,206.39,243.45,666.65,103.04,105.62,681.73,113.74,215.42,751.07,241.22,336.13,305.44,183.98
180,CUST1180,EMP120,ORD5180,2026-05-26,East,Bengaluru,Marketing,Furniture,Headphones,60884.3,17614.89,45,35884.32,12.72,43764.01,89857.26,13.7,29,2.1,Female,Returned,Net Banking,Regular,Medium,Mobile App,Master,Part-time,Average,India,Zone B,Manager_20,Supplier_15,Brand B,Small Business,Medium,Delayed,Gold,Social Media,137.06,387.66,169.84,920.39,420.13,819.14,457.0,708.36,690.13,653.13,962.26,229.32,127.81,365.87,137.95,164.22,727.79,490.53,200.05,609.24
289,CUST1289,EMP149,ORD5289,2026-05-27,East,Pune,Finance,Electronics,Shirt,70153.41,24368.73,83,11650.86,0.57,31574.75,27024.51,13.8,50,3.7,Male,Pending,UPI,Regular,Low,Online,Diploma,Permanent,Good,India,Zone B,Manager_9,Supplier_4,Brand C,Consumer,High,Delivered,Silver,Website,792.5,258.89,509.11,711.9,888.33,12.01,521.83,119.24,770.11,55.55,723.97,112.11,622.58,847.0,336.98,466.61,391.35,329.1,594.01,982.09
246,CUST1246,EMP106,ORD5246,2026-05-27,East,Delhi,Finance,Grocery,Chair,44623.86,19492.32,15,28764.39,39.51,8177.53,168821.78,0.4,35,2.7,Male,Pending,Net Banking,Regular,Low,Store,Master,Contract,Excellent,India,Zone A,Manager_6,Supplier_6,Brand E,Consumer,Low,Delivered,Basic,Referral,391.69,539.23,914.88,201.8,860.73,217.16,257.58,244.81,252.71,215.5,696.99,81.07,315.79,598.77,129.07,869.46,248.56,248.72,996.82,968.74
322,CUST1322,EMP102,ORD5322,2026-05-28,South,Jaipur,HR,Beauty,Shirt,22317.76,222.45,44,4659.57,32.89,40347.43,124004.13,0.0,44,3.4,Other,Returned,Debit Card,New,Low,Store,Diploma,Permanent,Good,India,Zone B,Manager_2,Supplier_7,Brand E,Small Business,Medium,In Transit,Silver,Social Media,473.09,258.64,675.32,724.01,928.61,541.43,103.54,506.25,714.5,859.18,770.77,658.09,104.71,500.06,726.47,392.89,281.64,334.88,725.42,547.33
243,CUST1243,EMP103,ORD5243,2026-05-31,South,Indore,Sales,Electronics,Laptop,72708.79,15314.57,91,26226.97,7.81,30860.97,96959.82,18.1,59,1.8,Male,Pending,Net Banking,Regular,Medium,Mobile App,PhD,Contract,Good,India,Zone B,Manager_3,Supplier_3,Brand E,Small Business,Medium,In Transit,Basic,Social Media,294.46,233.58,62.32,972.05,832.49,836.11,680.55,251.91,439.64,511.44,334.01,709.4,432.17,623.72,266.15,684.67,190.24,811.12,535.13,87.06
356,CUST1356,EMP136,ORD5356,2026-05-31,North,Jaipur,IT,Beauty,Skincare,58535.02,11406.28,94,22774.72,38.53,3910.38,144257.16,19.3,56,3.5,Male,Completed,Credit Card,Premium,Critical,Store,Diploma,Permanent,Poor,India,Zone A,Manager_16,Supplier_11,Brand E,Consumer,Medium,In Transit,Silver,Website,610.64,299.06,958.79,758.76,898.28,199.32,233.85,550.77,682.0,759.69,319.21,401.01,89.68,700.67,655.47,761.96,464.23,638.28,972.86,404.31
444,CUST1444,EMP144,ORD5444,2026-06-01,Central,Pune,Finance,Beauty,Chair,45764.43,4558.27,8,16942.87,2.44,55252.7,91722.25,12.4,37,3.6,Other,Cancelled,UPI,New,Low,Online,Bachelor,Contract,Average,India,Zone B,Manager_4,Supplier_9,Brand E,Consumer,Medium,Delayed,Platinum,Social Media,811.16,800.32,35.55,72.27,983.26,504.04,597.69,850.91,58.0,687.54,279.93,551.53,144.63,160.61,736.98,8.05,460.38,515.42,736.72,139.39
254,CUST1254,EMP114,ORD5254,2026-06-02,East,Jaipur,Marketing,Furniture,Chair,64199.73,2425.3,75,7999.36,0.42,61501.27,151430.59,1.3,32,2.2,Other,Pending,Credit Card,New,Low,Store,Bachelor,Part-time,Good,India,Zone B,Manager_14,Supplier_14,Brand D,Consumer,Medium,Delayed,Silver,Direct,860.86,835.92,395.67,443.79,310.7,145.89,47.35,544.25,476.23,627.62,667.43,506.17,983.6,611.21,21.59,476.45,454.27,879.95,457.32,942.2
438,CUST1438,EMP138,ORD5438,2026-06-03,East,Bhopal,Marketing,Grocery,Watch,27034.18,19279.73,72,17393.28,9.7,5990.08,38187.37,12.9,29,4.4,Other,Cancelled,Credit Card,New,Medium,Store,Diploma,Part-time,Excellent,India,Zone A,Manager_18,Supplier_3,Brand A,Consumer,High,Delivered,Gold,Website,656.15,225.06,901.19,139.77,129.1,835.54,12.14,176.86,80.04,897.06,781.04,746.42,267.65,975.48,30.54,392.36,282.93,259.68,193.43,44.98
78,CUST1078,EMP178,ORD5078,2026-06-05,North,Bengaluru,Marketing,Beauty,Rice,4535.59,-4986.72,83,30801.16,12.73,5829.4,105049.16,19.3,40,3.7,Other,Completed,UPI,Premium,High,Store,Master,Permanent,Excellent,India,Zone A,Manager_18,Supplier_3,Brand B,Corporate,High,Cancelled,Platinum,Direct,100.44,804.4,908.69,856.1,77.49,870.05,939.22,498.59,608.51,30.87,70.44,929.65,296.17,882.27,389.6,932.35,574.58,972.87,697.8,669.75
350,CUST1350,EMP130,ORD5350,2026-06-06,West,Jaipur,Operations,Beauty,Shirt,10723.45,20839.59,59,42873.86,23.18,62327.54,25762.05,7.2,29,2.0,Male,Cancelled,Cash,Regular,Low,Online,Bachelor,Permanent,Poor,India,Zone B,Manager_10,Supplier_5,Brand B,Consumer,Medium,In Transit,Platinum,Advertisement,763.39,419.87,668.24,55.84,473.42,17.39,573.82,551.79,923.48,177.12,751.62,349.47,80.22,430.97,173.36,896.96,522.26,469.65,931.99,526.21
117,CUST1117,EMP137,ORD5117,2026-06-09,South,Bhopal,Finance,Electronics,Laptop,7204.76,22112.73,64,42839.02,14.59,68433.54,90134.39,18.4,42,2.6,Female,Pending,Cash,Premium,Critical,Store,PhD,Permanent,Average,India,Zone D,Manager_17,Supplier_12,Brand B,Consumer,Low,Cancelled,Silver,Social Media,309.27,189.02,254.76,83.22,99.66,452.14,366.3,514.55,875.7,961.28,324.87,508.74,710.88,672.51,2.08,551.88,107.47,496.03,689.85,799.87
284,CUST1284,EMP144,ORD5284,2026-06-09,North,Mumbai,Operations,Electronics,Skincare,1063.75,-4655.58,61,25663.79,0.58,33494.17,158482.73,3.8,50,2.9,Other,Completed,Cash,Premium,Medium,Online,Master,Permanent,Poor,India,Zone C,Manager_4,Supplier_14,Brand E,Corporate,Low,Cancelled,Gold,Advertisement,805.68,150.79,995.99,946.87,153.63,131.77,818.11,852.35,710.11,683.21,103.2,124.82,768.73,861.91,177.21,646.47,533.62,280.86,871.75,517.3
396,CUST1396,EMP176,ORD5396,2026-06-09,South,Pune,Marketing,Electronics,Shirt,11542.26,7340.18,53,47343.13,25.31,1978.05,76103.14,0.7,46,3.9,Other,Cancelled,UPI,New,Low,Store,PhD,Permanent,Poor,India,Zone B,Manager_16,Supplier_6,Brand C,Consumer,High,Cancelled,Gold,Direct,172.4,481.31,931.9,291.66,204.45,671.99,850.36,885.88,368.58,723.29,1.15,284.42,479.24,56.13,895.88,608.37,537.63,477.88,947.86,147.41
500,CUST1500,EMP120,ORD5500,2026-06-10,North,Delhi,Sales,Grocery,Headphones,94765.83,22993.82,40,4754.25,36.13,59669.65,54127.59,11.1,28,4.5,Female,Pending,Debit Card,Regular,Medium,Mobile App,Diploma,Part-time,Poor,India,Zone C,Manager_20,Supplier_5,Brand B,Corporate,Low,Delayed,Gold,Direct,213.96,996.15,37.18,580.22,610.51,739.55,882.95,789.7,708.15,941.69,162.6,609.81,949.96,999.87,509.75,709.77,607.82,736.76,732.8,817.85
465,CUST1465,EMP165,ORD5465,2026-06-15,North,Bengaluru,IT,Furniture,Watch,67720.22,10956.67,87,1598.06,15.39,4105.99,179846.02,13.9,42,1.3,Male,Completed,UPI,Premium,Medium,Store,Master,Part-time,Good,India,Zone A,Manager_5,Supplier_15,Brand D,Small Business,High,Delivered,Platinum,Referral,714.69,666.31,969.93,345.97,673.01,931.02,720.32,9.67,481.69,432.61,479.96,262.17,588.97,990.73,581.04,366.38,856.3,304.05,745.22,790.37
494,CUST1494,EMP114,ORD5494,2026-06-16,East,Kolkata,Marketing,Electronics,Watch,98174.51,11400.56,22,39067.88,5.32,27209.62,93168.07,18.7,25,2.2,Other,Completed,UPI,Premium,Low,Store,Diploma,Permanent,Poor,India,Zone D,Manager_14,Supplier_14,Brand C,Small Business,Low,In Transit,Gold,Direct,43.56,574.43,649.04,921.85,40.5,452.53,733.88,933.95,238.69,363.0,291.91,394.84,883.15,820.65,146.79,320.87,918.68,784.64,857.12,319.85
282,CUST1282,EMP142,ORD5282,2026-06-22,South,Jaipur,HR,Electronics,Headphones,63474.18,23238.17,66,11276.73,18.64,35619.11,139289.15,17.6,19,3.2,Female,Completed,Credit Card,New,High,Store,Bachelor,Contract,Excellent,India,Zone B,Manager_2,Supplier_12,Brand E,Corporate,High,Delayed,Gold,Direct,311.19,722.16,558.68,631.47,98.75,192.74,248.55,285.26,994.06,782.62,148.62,63.02,574.71,464.33,683.67,718.41,371.88,692.23,808.71,199.43
115,CUST1115,EMP135,ORD5115,2026-06-25,North,Kolkata,IT,Clothing,Phone,46927.47,-685.57,99,10617.99,23.69,60457.57,176268.42,9.7,28,3.4,Other,Cancelled,UPI,Regular,Low,Online,PhD,Permanent,Poor,India,Zone B,Manager_15,Supplier_10,Brand A,Corporate,Low,Cancelled,Silver,Social Media,565.17,1.2,200.85,282.04,15.65,360.81,654.39,709.83,745.75,680.2,802.63,903.98,771.64,190.97,618.34,291.47,22.14,985.51,588.61,850.63
364,CUST1364,EMP144,ORD5364,2026-06-29,West,Pune,IT,Clothing,Shirt,56715.94,-4114.88,77,3378.04,4.49,18396.4,98358.92,0.5,29,1.7,Other,Pending,Cash,Premium,Critical,Online,Bachelor,Permanent,Average,India,Zone B,Manager_4,Supplier_4,Brand C,Consumer,Low,Cancelled,Platinum,Referral,740.81,178.27,539.51,405.52,187.06,265.15,407.08,916.82,211.96,648.12,515.74,834.04,149.04,206.8,921.37,389.53,264.35,366.35,548.72,983.93
